sequence,runtime,case,build,repeat,warmupScans,medianBatchMs,medianMsPerIteration,sampleCount,invalid,samplesMs
44,bun,min-4096-full-entries,baseline,235,2585,60.83769200000006,0.2588837957446811,21,,"[59.65923399999997, 59.651719999999955, 59.59647700000005, 59.56460900000002, 59.557094000000006, 60.84717999999998, 61.25312399999984, 61.42974200000003, 61.32971600000019, 60.83769200000006, 61.271929, 60.95298600000001, 60.759817999999996, 60.98699999999985, 60.73636399999987, 60.78920199999993, 61.49860999999987, 61.014180000000124, 60.795122999999876, 60.83290399999987, 60.98128899999983]"
45,bun,min-4096-full-entries,baseline,235,2585,62.26531799999998,0.26495879999999994,21,,"[81.06940499999996, 62.80214999999998, 62.61808800000017, 62.53086600000006, 62.405569000000014, 62.05183199999988, 61.75598200000013, 62.15367100000003, 62.28465500000016, 61.977442999999994, 62.26798299999996, 61.89840699999991, 62.083000000000084, 62.26531799999998, 62.147136000000046, 62.523979000000054, 62.23578300000008, 62.638300999999956, 61.97050100000024, 62.54170199999999, 61.855767000000014]"
46,bun,min-4096-full-entries,baseline,235,2585,60.9488429999999,0.2593567787234038,21,,"[60.74387300000001, 60.82208800000012, 60.354971000000205, 59.81224199999997, 60.544302000000016, 60.9488429999999, 60.65537900000004, 61.18261699999994, 60.65941600000019, 60.79823300000021, 60.168374000000085, 61.85773099999983, 62.12405599999988, 61.85296200000016, 61.79753000000005, 61.89566100000002, 61.43845199999987, 61.573573000000124, 60.81896200000028, 61.59641299999976, 61.29593799999975]"
47,bun,min-4096-full-entries,baseline,235,2585,60.73012599999993,0.2584260680851061,21,,"[60.04522399999996, 59.68749100000002, 59.88661000000002, 60.378173999999944, 60.35689400000001, 59.77002400000015, 60.20512199999985, 60.412526999999955, 60.49394099999995, 61.38819900000021, 60.86038899999994, 62.953686999999945, 61.50970900000016, 62.09412700000007, 60.73012599999993, 61.55883599999993, 61.23680800000011, 60.905533000000105, 60.608952000000045, 61.28661000000011, 61.376236999999946]"
48,bun,min-4096-full-entries,candidate,235,2585,61.26069000000007,0.26068378723404284,21,,"[61.26069000000007, 61.16247700000008, 61.147789999999986, 59.87077799999997, 59.67178899999999, 60.63548900000001, 59.85478899999998, 60.10930099999996, 60.82349799999997, 61.92164699999989, 61.99576499999989, 61.286517, 61.82831299999998, 61.89723099999992, 61.819045999999844, 61.07976299999996, 61.21378200000004, 61.42627700000003, 61.26603900000009, 61.94296699999995, 61.42946200000006]"
49,bun,min-4096-full-entries,baseline,235,2585,60.50303199999985,0.2574597106382972,21,,"[60.96734500000002, 60.70439599999986, 61.615769, 60.38976200000002, 60.50303199999985, 60.271312999999964, 59.83034299999986, 59.60053700000003, 60.716625999999906, 60.24166700000001, 60.061002000000144, 60.48912599999994, 59.474844000000076, 59.606326999999965, 59.96413200000006, 61.55165699999998, 61.07116700000006, 61.73466899999994, 61.74006899999995, 61.432238000000325, 61.54244299999982]"
50,bun,min-4096-full-entries,baseline,235,2585,64.96287299999995,0.27643775744680826,21,,"[64.65296000000001, 64.58621400000004, 64.96287299999995, 64.76995599999987, 64.43456300000003, 64.13036799999986, 65.02495799999997, 64.51397999999995, 64.55682000000002, 64.085554, 64.4890539999999, 64.03431899999987, 65.26997400000005, 65.29900799999996, 65.32288100000005, 65.4879689999998, 66.26019199999973, 65.57146300000022, 65.74855200000002, 65.460779, 65.6634640000002]"
51,bun,min-4096-full-entries,candidate,235,2585,61.83789099999967,0.2631399617021263,21,,"[60.112648000000036, 60.62331599999993, 61.88638100000003, 61.39847499999996, 61.97778399999993, 61.95115099999998, 62.42915900000003, 62.217616000000135, 61.955810000000156, 61.47081899999989, 61.96995599999991, 61.558422000000064, 62.273459, 61.27501600000005, 61.81962700000008, 61.49385200000006, 61.72694499999989, 61.616489999999885, 61.83789099999967, 62.01685300000008, 62.09151900000006]"
52,bun,min-4096-full-entries,baseline,235,2585,61.34799800000019,0.2610553106382987,21,,"[60.96592199999998, 60.76663199999996, 60.658451000000014, 60.735483999999815, 60.27036999999996, 60.63324299999999, 61.123314000000164, 61.45749500000011, 61.68502699999999, 62.03180199999997, 61.55053699999985, 61.71023400000013, 61.108566999999994, 61.301013999999896, 61.44822799999997, 61.34799800000019, 61.522715999999946, 61.612982999999986, 61.23735600000009, 61.67206299999998, 61.908746000000065]"
53,bun,min-4096-full-entries,baseline,235,2585,61.13876200000004,0.2601649446808512,21,,"[61.41269199999999, 61.13876200000004, 61.1719149999999, 60.55029000000013, 61.328025000000025, 59.57913700000017, 60.642541000000165, 61.215754999999945, 61.24819600000001, 60.804371000000174, 60.687024000000065, 60.76616100000001, 60.88406000000009, 60.6048209999999, 61.60471800000005, 60.43385399999988, 60.54363700000022, 62.327110000000175, 61.66480999999976, 61.676630999999816, 62.55196699999988]"
54,bun,min-4096-full-entries,baseline,235,2585,60.46011199999998,0.25727707234042546,21,,"[61.27387299999998, 60.86891200000002, 61.10634199999981, 60.46011199999998, 60.447488999999905, 60.849226000000044, 60.80403100000012, 59.97903900000006, 59.70069200000012, 59.97344900000007, 59.88576699999999, 59.64138200000002, 60.1703849999999, 60.60141499999986, 61.17768500000011, 60.57287199999996, 59.92113200000017, 60.04775699999982, 61.35824999999977, 60.11648500000001, 60.748177999999825]"
55,bun,min-4096-full-entries,baseline,235,2585,60.188278999999966,0.2561203361702126,21,,"[61.10251500000004, 61.935130999999956, 62.149430000000166, 60.90384900000004, 61.21133099999997, 60.59593799999993, 59.568868000000066, 59.732491999999866, 60.356131000000005, 60.44981800000005, 60.30697800000007, 59.997303999999986, 60.080098000000135, 60.188278999999966, 59.92252600000006, 59.45865299999991, 60.25292000000013, 60.08091000000013, 59.91027200000008, 59.603811999999834, 59.76857899999959]"
56,bun,min-4096-full-entries,candidate,235,2585,61.47222800000009,0.2615839489361706,21,,"[61.42104100000006, 61.66033500000003, 61.328878999999915, 61.537787999999864, 61.75456099999997, 60.90997100000004, 61.995799000000034, 61.78821600000015, 60.83414700000003, 60.96490599999993, 61.74856199999999, 61.09172199999989, 60.975656999999956, 61.4621689999999, 61.56800299999986, 61.90485200000012, 61.049653000000035, 61.47222800000009, 60.93091299999969, 61.605155000000195, 61.63025199999993]"
57,bun,min-4096-full-entries,baseline,235,2585,61.318463000000065,0.26092962978723433,21,,"[60.268403000000035, 62.02473399999997, 62.23024499999997, 62.36407499999996, 61.84324700000002, 61.318463000000065, 61.44319500000006, 61.943903999999975, 61.82064500000001, 60.58368799999994, 59.91824299999985, 60.15083500000014, 63.11227400000007, 60.26881299999991, 60.556908999999905, 60.19553700000006, 59.84882399999992, 59.30519400000003, 60.94625099999985, 61.35399800000005, 61.826558000000205]"
58,bun,min-4096-full-entries,baseline,235,2585,61.22963799999991,0.2605516510638294,21,,"[60.94288499999993, 61.22963799999991, 61.25382300000001, 61.533893000000035, 61.32583700000009, 61.581431000000066, 61.13676600000008, 61.92896700000006, 61.47809899999993, 61.39626700000008, 61.17699000000016, 60.86704400000008, 61.082263999999896, 60.962682000000086, 61.17034100000001, 60.95602299999996, 61.18314600000008, 61.316313000000264, 61.538544999999885, 60.94718699999976, 61.399165999999695]"
59,bun,min-4096-full-entries,candidate,235,2585,61.342941999999994,0.26103379574468083,21,,"[61.938267999999994, 60.65866100000005, 61.26135999999997, 61.36943199999996, 60.97586000000001, 61.00418300000001, 60.944982999999866, 61.14643699999988, 61.384430000000066, 61.72595299999989, 60.017761000000064, 60.14042900000004, 61.61332400000015, 61.66100299999994, 61.35808999999995, 61.342941999999994, 61.58663499999989, 61.49263000000019, 61.181912999999895, 62.3928820000001, 60.83493899999985]"
60,bun,min-4096-full-entries,baseline,235,2585,61.26615000000015,0.2607070212765964,21,,"[60.745723, 60.56555900000001, 60.534621000000016, 60.71867300000008, 60.873751000000084, 61.099881000000096, 63.58636799999999, 62.30778299999997, 62.155451000000085, 63.21704199999999, 61.989151999999876, 63.217223000000104, 61.67339500000003, 61.25828499999989, 61.26615000000015, 61.047983999999815, 61.563020999999935, 61.48723999999993, 61.107575, 60.87252900000021, 61.32788399999981]"
61,bun,min-4096-full-entries,candidate,235,2585,61.252343999999994,0.2606482723404255,21,,"[60.18563299999994, 59.86121000000003, 59.88685899999996, 61.05251199999998, 61.71094500000004, 61.41044699999998, 61.787035999999944, 60.91005800000016, 61.852667999999994, 61.17930799999999, 61.491337999999814, 61.533636000000115, 62.24310400000013, 61.35700799999995, 61.078030000000126, 61.22227900000007, 61.12204200000019, 61.252343999999994, 61.52201500000001, 61.064524999999776, 61.268273000000136]"
62,bun,min-4096-full-entries,candidate,235,2585,63.57886899999994,0.270548378723404,21,,"[63.24160299999994, 64.25486599999999, 63.549811999999974, 63.57886899999994, 63.26583800000003, 63.32910500000003, 63.582222, 63.29976099999999, 63.649991, 63.91354100000012, 63.75847199999998, 63.687560000000076, 62.89495899999997, 63.686328, 62.92611600000009, 63.83824000000027, 63.757490999999845, 63.264876000000186, 63.28789800000004, 63.15306899999996, 63.59651500000018]"
63,bun,min-4096-full-entries,baseline,235,2585,60.365031000000045,0.2568724723404257,21,,"[61.68611099999998, 61.574757999999974, 61.63240400000018, 60.7708439999999, 61.800265999999965, 59.80815699999994, 59.94136400000002, 60.70960000000014, 60.43283600000018, 60.365031000000045, 60.290292000000136, 59.77923299999998, 59.34764099999984, 59.466273999999885, 60.282657999999856, 60.42066399999999, 60.3356960000001, 59.985445000000254, 60.557148000000325, 60.58788400000003, 60.269686999999976]"
64,bun,min-4096-full-entries,baseline,235,2585,60.332430000000045,0.25673374468085125,21,,"[60.361733999999956, 60.332430000000045, 61.2801300000001, 59.67027099999996, 60.31525899999997, 60.24589900000001, 60.083728000000065, 60.82685800000013, 60.10234300000002, 60.505160999999816, 60.52402499999994, 60.76355100000001, 60.26945300000011, 59.85051300000009, 59.66367800000012, 59.75747200000001, 59.99330999999984, 60.540085999999974, 61.12406099999998, 61.23056799999995, 61.15381499999967]"
65,bun,min-4096-full-entries,baseline,235,2585,60.71395899999993,0.2583572723404252,21,,"[61.71658000000002, 60.62049499999989, 59.902593000000024, 60.71395899999993, 59.86529299999984, 59.819267999999965, 59.580564000000095, 59.93894999999998, 59.47103100000004, 60.17210300000011, 59.63393300000007, 60.646643999999924, 61.39968499999986, 61.46720800000003, 61.70409799999993, 60.96767, 60.76675800000021, 60.966617999999926, 61.64570000000003, 61.11570500000016, 61.19275800000014]"
66,bun,min-4096-full-entries,baseline,235,2585,60.80039000000011,0.2587250638297877,21,,"[60.0130180000001, 60.96426400000007, 64.045977, 61.58971599999995, 60.784288999999944, 61.368966, 60.88298299999997, 60.69090600000004, 60.80039000000011, 59.58792800000015, 60.11059799999998, 59.58464200000003, 59.4442610000001, 59.67210399999999, 60.97620599999982, 61.271733999999924, 61.19118500000013, 60.45392600000014, 60.97605500000009, 60.60707000000002, 61.22403699999995]"
67,bun,min-4096-full-entries,baseline,235,2585,60.64055300000018,0.2580449063829795,21,,"[60.77500199999997, 60.940338999999994, 60.64055300000018, 60.66464699999983, 61.22834399999988, 59.505404, 59.446104000000105, 59.85764900000004, 59.16122600000017, 59.65459100000021, 60.163405999999895, 59.96281399999998, 60.23668999999995, 60.05572600000005, 60.606739999999945, 61.06086299999993, 60.980042999999796, 60.84583399999974, 61.613198999999895, 61.10678800000005, 61.315697]"
68,bun,min-4096-full-entries,baseline,235,2585,60.81387399999994,0.2587824425531912,21,,"[60.13033400000006, 60.76883099999998, 60.81387399999994, 60.689494000000195, 60.439820000000054, 60.36919899999998, 60.515773999999965, 60.24874499999987, 62.14011800000003, 60.944757999999865, 60.53429600000004, 60.12015599999995, 60.540977999999996, 61.00751300000002, 61.29196999999999, 61.48542999999995, 61.78665899999987, 62.0870630000004, 62.296006000000034, 62.21893199999977, 61.180811000000176]"
69,bun,min-4096-full-entries,candidate,235,2585,61.121182999999974,0.2600901404255318,21,,"[59.606199999999944, 59.691959, 59.73793499999988, 61.121182999999974, 61.39405000000011, 61.76461900000004, 61.62003999999979, 61.41711299999997, 61.11188599999991, 60.83438000000001, 61.13722299999995, 61.56635000000006, 61.720327, 60.93623000000002, 61.22738099999992, 60.851532000000134, 61.079666999999745, 60.70518099999981, 61.821574000000055, 61.584424000000126, 60.311289000000215]"
70,bun,min-4096-full-entries,candidate,235,2585,63.89168800000016,0.271879523404256,21,,"[63.94378500000005, 63.90060499999993, 63.89168800000016, 64.07113099999992, 63.75487399999997, 63.81127900000001, 63.83366099999989, 64.09920399999987, 63.78235600000016, 65.10809799999993, 63.72228000000018, 63.640713000000005, 63.468192000000045, 63.76503300000013, 63.98943999999983, 63.99271599999997, 63.823773000000074, 64.148956, 64.10957300000018, 63.85418900000013, 64.20166400000016]"
71,bun,min-4096-full-entries,baseline,235,2585,60.59228200000007,0.25783949787234073,21,,"[61.808373000000074, 60.172041000000036, 59.96396499999992, 60.174285000000054, 60.372613, 60.15933700000005, 60.8993210000001, 60.56745500000011, 60.080270000000155, 59.85126600000012, 60.621354999999994, 60.59228200000007, 60.547477999999956, 60.844149000000016, 60.46340299999997, 60.94505600000002, 61.82996000000003, 61.886895000000095, 62.231185000000096, 61.564290000000256, 61.15527699999984]"
72,bun,min-4096-full-entries,baseline,235,2585,61.2750860000001,0.26074504680851107,21,,"[61.43447099999992, 61.2217270000001, 61.316422999999986, 61.39561000000003, 59.83689400000003, 60.18206600000008, 59.65680999999995, 59.98657299999991, 61.08214799999996, 60.2268489999999, 60.54528000000005, 59.893620000000055, 61.2750860000001, 63.453060999999934, 61.17090299999995, 62.31246299999998, 62.05423300000007, 61.409124999999676, 61.61021800000026, 61.705495000000155, 61.38208399999985]"
73,bun,min-4096-full-entries,baseline,235,2585,61.36049500000013,0.26110848936170267,21,,"[61.48384400000009, 61.095713000000046, 62.00745600000005, 61.15250900000001, 61.52939900000001, 61.32503900000006, 61.629473999999846, 60.81720599999994, 61.36049500000013, 61.38924799999995, 61.88196599999992, 60.89235499999995, 60.88030299999991, 60.7947029999998, 61.439752, 60.97400700000003, 61.37589300000013, 60.7994120000003, 61.72517299999981, 61.106573000000026, 61.61339399999997]"
74,bun,min-4096-full-entries,baseline,235,2585,60.392216999999846,0.25698815744680786,21,,"[60.88225699999998, 59.57921699999997, 60.392216999999846, 59.49581199999989, 59.60407299999997, 60.203475000000026, 59.51453599999991, 60.15392300000008, 59.52022699999998, 59.64949700000011, 59.460435999999845, 59.626313999999866, 60.91925500000002, 61.3770649999999, 60.80508299999997, 64.04864799999996, 60.97824400000013, 61.0833590000002, 61.25700300000017, 61.071938000000046, 60.83814500000017]"
75,bun,min-4096-full-entries,baseline,235,2585,61.57768100000021,0.2620326851063839,21,,"[59.99576300000001, 61.47478100000001, 60.24268899999993, 61.82395899999983, 61.57768100000021, 61.76329600000008, 62.01234899999986, 62.137760999999955, 61.3020190000002, 61.91801299999997, 61.66678700000011, 61.62820499999998, 61.164936000000125, 61.20973900000013, 61.278906000000006, 61.52141699999993, 61.66640699999971, 61.959045999999944, 61.3306520000001, 61.90786399999979, 60.120976000000155]"
76,node,min-4096-full-entries,baseline,97,1067,59.83002600000009,0.6168043917525783,21,,"[59.83002600000009, 60.843438000000106, 59.79836699999987, 59.80847499999982, 60.14199499999995, 60.02186299999994, 60.06823799999984, 59.89967499999989, 59.791443999999956, 60.468080999999984, 59.52159299999994, 60.039404000000104, 59.65857700000015, 59.617401999999856, 59.72133500000018, 59.805380000000014, 59.82702999999992, 60.05449200000021, 59.77431200000001, 60.041177999999945, 60.02275400000008]"
77,node,min-4096-full-entries,baseline,97,1067,60.50255500000003,0.6237376804123714,21,,"[60.570671999999945, 60.26757900000007, 60.33158700000013, 60.74531500000012, 60.27370999999994, 60.55162599999994, 60.586541000000125, 60.50255500000003, 60.15875700000015, 60.30478700000003, 61.138085000000046, 60.11661800000002, 60.7874139999999, 60.41503200000011, 60.39202, 60.23818400000005, 60.54522399999996, 60.15058200000021, 60.57247400000006, 60.89609599999994, 65.5979470000002]"
78,node,min-4096-full-entries,baseline,97,1067,59.834687999999915,0.6168524536082466,21,,"[59.90815100000009, 59.64495299999999, 59.65796599999999, 60.14743500000009, 59.805320000000165, 60.01984799999991, 60.27665499999989, 59.67018899999994, 59.506425000000036, 59.78835099999992, 59.69619200000011, 60.49055599999997, 59.783202000000074, 59.834687999999915, 60.36308000000008, 59.90769299999988, 59.78901300000007, 60.397603999999774, 59.72231899999997, 64.88792199999989, 59.95997100000022]"
79,node,min-4096-full-entries,baseline,97,1067,60.56433300000003,0.6243745670103096,21,,"[60.45824599999992, 63.188868000000184, 60.45636300000001, 60.59426899999994, 60.29462199999989, 60.401931000000104, 61.99556799999982, 60.86846799999989, 60.56433300000003, 60.37090400000011, 60.739329000000225, 60.244259000000056, 60.559222999999974, 60.55167000000006, 60.74282499999981, 60.678656000000046, 60.12067999999999, 61.47775899999988, 60.25816500000019, 60.8996659999998, 61.674395000000004]"
80,node,min-4096-full-entries,baseline,97,1067,62.37032699999986,0.6429930618556686,21,,"[63.08617600000002, 62.56756599999994, 62.77171300000009, 62.37032699999986, 62.15112999999997, 62.19686200000001, 62.70166199999994, 62.43323499999997, 62.34517000000005, 62.09159999999997, 61.932403999999906, 63.42489499999988, 62.379684, 62.31766900000002, 62.34095300000013, 61.95901300000014, 70.72243799999978, 64.73112100000026, 62.59770900000012, 61.82961400000022, 62.30658900000026]"
81,node,min-4096-full-entries,candidate,97,1067,62.71237199999996,0.6465192989690718,21,,"[62.94833100000005, 63.387026000000105, 62.81493300000011, 62.7302659999998, 62.67493299999978, 62.60211799999979, 63.147050000000036, 62.71237199999996, 62.426893000000064, 62.60924, 62.78729099999987, 62.197576000000026, 62.493085000000065, 62.323981, 62.56122600000003, 62.32760499999995, 62.6719250000001, 62.764626000000135, 63.795120999999654, 62.893235000000004, 70.17554699999982]"
82,node,min-4096-full-entries,candidate,97,1067,60.595446000000265,0.6246953195876316,21,,"[60.93736100000001, 61.17049399999996, 60.73849099999984, 60.35219399999983, 60.55069299999991, 60.8670810000001, 61.23392199999989, 60.830352000000175, 60.58334300000001, 60.22024899999997, 60.54715599999986, 60.4921240000001, 60.483277000000044, 60.678559999999834, 60.70074100000011, 60.543570000000045, 60.595446000000265, 60.524945000000116, 60.489900000000034, 61.01383299999998, 68.34053799999992]"
83,node,min-4096-full-entries,baseline,97,1067,61.08192699999995,0.6297105876288654,21,,"[60.482460999999944, 60.62845200000015, 61.08192699999995, 61.3149269999999, 60.7561290000001, 60.83310200000005, 61.6680859999999, 61.001395, 61.02258400000005, 61.50768500000004, 61.117260000000215, 61.06161700000007, 61.371983, 61.09805400000005, 60.80147399999987, 60.707058999999845, 60.761459000000286, 61.367455000000064, 61.17930500000011, 61.20819900000015, 61.927204000000074]"
84,node,min-4096-full-entries,baseline,97,1067,60.04009999999971,0.6189701030927806,21,,"[59.81549300000006, 59.901723000000175, 59.53562299999999, 60.021175000000085, 59.643422999999984, 60.227630999999974, 59.654433000000154, 62.37426400000004, 59.98914500000001, 60.09241700000007, 60.21843100000001, 60.162246000000096, 60.467083, 60.76590699999997, 60.15662300000008, 59.95401000000015, 59.92573799999991, 59.915457999999944, 62.43561899999986, 60.04009999999971, 68.37948700000015]"
85,node,min-4096-full-entries,candidate,97,1067,61.5564089999998,0.6346021546391732,21,,"[61.60109200000011, 61.41414400000008, 61.713250000000016, 63.612497000000076, 61.37223700000004, 61.759456, 62.82681700000012, 61.44541200000003, 61.696669000000156, 61.39953799999989, 61.319548999999824, 62.43301700000006, 61.62582800000018, 61.274385000000166, 61.46652200000017, 62.935999999999694, 61.50272899999982, 61.32322599999998, 61.45358800000031, 70.03297799999973, 61.5564089999998]"
86,node,min-4096-full-entries,candidate,97,1067,60.702424000000065,0.625798185567011,21,,"[60.78797200000008, 60.711570000000165, 60.76345700000002, 60.50224100000014, 60.52592500000014, 60.48805500000003, 60.51612699999987, 60.96184500000004, 60.79184999999984, 60.896222999999964, 60.540382000000136, 60.702424000000065, 60.86849199999983, 60.67831799999999, 60.76184400000011, 60.523810999999796, 60.57775099999981, 60.79218899999978, 62.46987500000023, 60.12172499999997, 60.4046400000002]"
87,node,min-4096-full-entries,baseline,97,1067,61.69280200000003,0.6360082680412374,21,,"[61.52759500000002, 61.82093000000009, 61.52950899999996, 61.54205200000001, 61.68913500000008, 61.72241800000006, 61.54136100000005, 63.25445200000013, 61.290394000000106, 61.60089200000016, 62.04520600000001, 61.76950499999998, 61.59707500000013, 61.590410999999904, 62.004019999999855, 61.926636000000144, 62.106980999999905, 61.86805800000002, 61.6369279999999, 61.69280200000003, 62.86717300000009]"
88,node,min-4096-full-entries,baseline,97,1067,60.94505400000003,0.6282995257731961,21,,"[60.574593999999934, 60.74247700000001, 61.00424300000009, 62.80064100000004, 60.96553099999983, 60.641820999999936, 60.95295799999985, 60.82315799999992, 60.9393120000002, 60.94505400000003, 60.872388, 61.06852200000003, 61.06261100000006, 60.86517600000002, 63.659906999999976, 61.07094700000016, 61.11588099999972, 69.29481699999997, 60.76436799999965, 60.938100000000304, 60.93104699999958]"
89,node,min-4096-full-entries,baseline,97,1067,60.69551999999999,0.6257270103092782,21,,"[59.997584000000074, 61.14711800000009, 60.0472850000001, 62.28119599999991, 61.04863599999999, 59.965864999999894, 60.42431600000009, 60.10515399999986, 60.69551999999999, 60.921530000000075, 61.344274999999925, 61.01678700000002, 60.53009299999985, 60.847622999999885, 60.908785999999964, 60.2697290000001, 60.25846700000011, 60.33361700000023, 60.43272200000001, 60.98470700000007, 61.1724650000001]"
90,node,min-4096-full-entries,baseline,97,1067,60.08901199999991,0.619474350515463,21,,"[60.455332999999996, 59.751035, 59.95855000000006, 59.96570399999996, 60.36914300000012, 60.1434549999999, 59.862122, 61.354885000000195, 61.96103099999982, 60.41810499999997, 60.50767100000007, 60.22817199999986, 59.975351000000046, 59.969460000000026, 59.80317100000002, 59.90005199999996, 60.09502300000031, 59.6533629999999, 60.08901199999991, 59.80368200000021, 67.31234600000016]"
91,node,min-4096-full-entries,baseline,97,1067,60.80058400000007,0.6268101443298977,21,,"[61.495132999999896, 70.40078900000003, 62.712534000000005, 61.149242000000186, 61.063351999999895, 60.707852, 61.099369000000024, 60.70398399999999, 60.59543299999996, 60.523129000000154, 61.16190599999982, 61.29807800000003, 60.56719100000009, 60.709053999999924, 60.57051000000001, 60.7216269999999, 60.593628999999964, 60.80058400000007, 60.86950200000001, 61.06608700000015, 60.74721499999987]"
92,node,min-4096-full-entries,candidate,97,1067,60.30157699999995,0.6216657422680407,21,,"[60.265799000000015, 60.15731000000005, 60.11763599999995, 60.17003399999999, 60.15857099999994, 60.13820399999986, 60.30157699999995, 60.59287799999993, 60.102847999999994, 60.44505400000003, 60.46408900000006, 61.455450000000155, 60.266842, 60.61723400000005, 61.683193000000074, 60.30103599999984, 60.95507099999986, 60.21703000000025, 60.74073300000009, 60.47761500000024, 68.0026499999999]"
93,node,min-4096-full-entries,baseline,97,1067,60.55801399999996,0.6243094226804119,21,,"[60.55801399999996, 61.47118999999998, 60.69432699999993, 60.12612100000001, 60.4716269999999, 60.40622200000007, 60.58426199999985, 60.91358400000013, 60.38299899999993, 60.69592999999986, 60.325521999999864, 61.07937199999992, 60.54853600000001, 60.32711499999982, 60.350408000000016, 61.039518000000044, 60.83773199999996, 60.64438400000017, 68.44038200000023, 60.359144000000015, 60.51277000000027]"
94,node,min-4096-full-entries,baseline,97,1067,60.41041899999982,0.6227878247422662,21,,"[63.118879000000106, 60.29637799999978, 60.093497999999954, 60.7675220000001, 60.255672000000004, 60.447046999999884, 60.40144200000009, 60.34779299999991, 60.3592450000001, 59.94566599999985, 60.50535599999989, 60.66941100000008, 60.21489599999995, 60.33163300000001, 60.76649100000009, 60.547714999999926, 60.399809000000005, 60.87274800000023, 60.57436400000006, 60.573151999999936, 60.41041899999982]"
95,node,min-4096-full-entries,candidate,97,1067,60.602716999999984,0.6247702783505154,21,,"[60.44984499999998, 60.514262999999914, 60.673687999999856, 61.749266000000034, 60.815381000000116, 60.58698699999991, 60.59241700000007, 60.688897, 60.80498200000011, 60.15811000000008, 60.759968999999955, 60.696320000000014, 60.602716999999984, 60.65139599999998, 60.48995699999978, 60.34934700000008, 61.68439500000022, 60.49305299999969, 60.87105599999995, 60.46742499999982, 60.13365500000009]"
96,node,min-4096-full-entries,baseline,97,1067,61.15350000000035,0.630448453608251,21,,"[61.01654600000006, 61.16567199999997, 61.409223999999995, 61.027606000000105, 61.094749999999976, 60.68918699999995, 60.83682099999987, 60.86424199999988, 66.42410799999993, 62.053200999999945, 61.239599, 61.125287999999955, 61.389688000000206, 61.23157399999991, 62.56708400000002, 60.89718400000015, 60.886033000000225, 61.15350000000035, 69.08041099999991, 61.15868900000032, 61.10022000000026]"
97,node,min-4096-full-entries,baseline,97,1067,59.94885299999987,0.6180294123711327,21,,"[60.12102100000004, 59.638104999999996, 59.754912000000104, 59.865867999999864, 60.547123000000056, 61.12973499999998, 60.3806340000001, 60.58819900000003, 59.62639400000012, 59.54460200000017, 60.8045810000001, 59.56221400000004, 59.77791500000012, 59.83316799999989, 59.97820700000011, 59.72086900000022, 59.65560800000003, 61.60602999999992, 59.94885299999987, 60.05501900000036, 59.97799699999996]"
98,node,min-4096-full-entries,baseline,97,1067,60.42700999999988,0.6229588659793802,21,,"[60.51259900000002, 61.01090399999998, 60.175993999999946, 60.200229000000036, 60.170012999999926, 60.43570599999998, 60.63144000000011, 60.30170700000008, 60.083953000000065, 60.312096999999994, 61.427118000000064, 60.67474900000002, 60.476806000000124, 60.31850900000018, 60.38336900000013, 60.798190000000204, 60.1157119999998, 60.42700999999988, 60.395712, 68.98839999999973, 60.48018899999988]"
99,node,min-4096-full-entries,baseline,97,1067,60.88090299999999,0.6276381752577318,21,,"[60.839938000000075, 60.42998499999999, 61.69353299999989, 60.53469999999993, 60.9257869999999, 60.7540869999998, 62.51918599999999, 61.25850400000013, 62.46790099999998, 61.222537999999986, 61.290212999999994, 60.81390899999997, 62.16676200000006, 60.68268499999999, 60.88090299999999, 60.5804149999999, 60.92115799999965, 60.519402000000355, 60.62457799999993, 60.944410999999945, 60.554325999999946]"
100,node,min-4096-full-entries,baseline,97,1067,60.947968000000174,0.6283295670103111,21,,"[62.344381, 60.66684600000008, 62.04032600000005, 61.53528800000004, 61.09243599999991, 60.947968000000174, 60.872266999999965, 60.69839400000001, 61.123915000000125, 62.259544000000005, 60.88620300000002, 60.93312999999989, 60.76652100000001, 61.71096499999999, 60.66679599999998, 60.80082400000015, 60.956302999999934, 62.20551400000022, 60.75816500000019, 60.96279700000014, 60.57791300000008]"
101,node,min-4096-full-entries,baseline,97,1067,59.9197200000001,0.6177290721649494,21,,"[60.06921699999998, 59.84660499999984, 59.82396199999994, 59.78781499999991, 59.40750800000001, 59.42712499999993, 62.321410000000014, 60.415651000000025, 60.12366799999995, 59.60581400000001, 59.85767499999997, 59.9197200000001, 60.09528599999999, 59.624911999999995, 60.09831200000008, 59.84555300000011, 60.466685999999754, 59.89934200000016, 67.81928999999991, 60.31182799999988, 59.978740000000016]"
102,node,min-4096-full-entries,baseline,97,1067,61.70018600000003,0.6360843917525776,21,,"[62.12614800000006, 61.58127599999989, 61.468536000000086, 61.738206999999875, 61.773873000000094, 62.178855999999996, 62.485484999999926, 62.292887000000064, 61.88432899999998, 61.46129299999984, 61.41520700000001, 61.41820299999995, 61.70018600000003, 61.31486999999993, 61.76956499999983, 61.5701160000001, 61.43727799999988, 61.44004399999994, 61.84818099999984, 61.335009000000355, 69.21465200000011]"
103,node,min-4096-full-entries,baseline,97,1067,60.403158000000076,0.6227129690721658,21,,"[60.15078899999992, 63.2369799999999, 60.43984599999999, 60.22910499999989, 59.72117099999991, 59.771594999999934, 60.21232299999997, 61.174350000000004, 60.09191899999996, 60.31643599999984, 60.046996000000036, 60.004616999999826, 60.47346799999991, 60.46706700000004, 62.36363899999992, 60.403158000000076, 60.76564099999996, 68.05205300000034, 60.24910200000022, 60.831713000000036, 60.49149199999965]"
104,node,min-4096-full-entries,candidate,97,1067,60.03078699999969,0.6188740927835019,21,,"[59.44859399999996, 59.8267679999999, 59.66669999999999, 73.1174219999998, 59.991824999999835, 60.41054400000007, 62.353476999999884, 59.92977999999994, 60.067776000000094, 60.01354500000002, 59.971567999999934, 60.22167300000001, 61.71333600000003, 60.16265199999998, 60.00691400000005, 60.03749000000016, 59.97604599999977, 59.931892999999945, 60.03078699999969, 60.248671999999715, 64.72509600000012]"
105,node,min-4096-full-entries,baseline,97,1067,60.69503499999996,0.625722010309278,21,,"[60.550653999999895, 60.455367000000024, 60.067576000000145, 60.15083000000004, 60.62333999999987, 60.69503499999996, 60.87272299999995, 60.74855200000002, 61.156930999999986, 60.71102199999996, 61.07277500000009, 60.86276500000008, 60.66675999999984, 60.90636500000005, 60.63001200000008, 60.62252699999999, 60.44873499999994, 60.40224399999988, 61.01588500000025, 60.94196699999975, 60.84554900000012]"
106,node,min-4096-full-entries,baseline,97,1067,63.09855199999993,0.6505005360824735,21,,"[63.13642600000003, 62.926221999999825, 63.616563999999926, 63.207263999999896, 62.86402399999997, 62.94845400000008, 63.09855199999993, 63.11716700000011, 62.943714, 63.13281600000005, 62.66963600000008, 63.02766100000008, 62.76704599999994, 62.600827999999865, 63.24058600000012, 62.655439000000115, 63.27258600000005, 63.062515000000076, 63.28472799999963, 70.88637500000004, 63.18670599999996]"
107,node,min-4096-full-entries,candidate,97,1067,60.321580999999924,0.6218719690721641,21,,"[60.28886099999988, 59.764949000000115, 60.10393700000009, 60.48030599999993, 59.99330199999986, 60.318455000000085, 60.52049099999999, 60.28064500000005, 60.30851699999994, 60.70621499999993, 60.321580999999924, 60.16952900000001, 60.87271399999986, 61.266975, 60.21087599999987, 60.62983300000019, 60.12944500000003, 61.4004130000003, 60.91138499999988, 60.70697599999994, 60.719239000000016]"
108,bun,min-random-4096-enqueue,baseline,37,407,62.35282899999993,1.6852115945945927,21,,"[58.038035000000036, 67.20768599999997, 61.93486400000006, 62.006106000000045, 58.77948000000015, 66.575873, 62.35282899999993, 62.857565999999906, 58.72868600000015, 68.22496499999988, 63.30334300000004, 63.727036, 60.821358000000146, 66.65503000000012, 62.04690199999982, 62.16486000000009, 58.546068000000105, 67.03551700000025, 63.206734000000324, 63.37224000000015, 59.66457199999968]"
109,bun,min-random-4096-enqueue,baseline,37,407,64.38220599999977,1.7400596216216153,21,,"[64.21959399999992, 60.437139, 68.692771, 65.2128580000001, 63.79685900000004, 60.47436799999991, 68.53484800000001, 65.782917, 64.55824299999995, 60.32382899999993, 69.1848550000002, 64.27731099999983, 64.487572, 60.59999099999982, 68.62872200000015, 63.810835, 64.85896100000014, 60.465050999999676, 63.70115100000021, 68.12757199999987, 64.38220599999977]"
110,bun,min-random-4096-enqueue,baseline,37,407,63.19007099999999,1.7078397567567565,21,,"[63.12704499999995, 59.24370299999998, 66.89745700000003, 62.82123699999988, 62.88831200000004, 59.08879499999989, 67.81865900000003, 63.827545999999984, 64.07845300000008, 60.33612599999992, 67.64336900000012, 62.674633000000085, 62.8660490000002, 58.92182700000012, 67.65698399999997, 64.79399199999989, 64.16941199999997, 60.05438200000003, 68.07807700000012, 64.16857999999957, 63.19007099999999]"
111,bun,min-random-4096-enqueue,baseline,37,407,63.93846200000007,1.7280665405405424,21,,"[63.84115099999997, 63.9494719999999, 60.15278500000011, 70.04318200000012, 63.77608000000009, 63.93846200000007, 60.07429899999988, 68.88439599999992, 63.74678599999993, 64.13355500000011, 59.81619999999998, 68.21528200000012, 64.04732399999989, 63.96318800000017, 59.93172400000003, 69.01331499999992, 63.58502500000009, 64.06613000000016, 60.02483799999982, 68.80413599999974, 63.85484700000006]"
112,bun,min-random-4096-enqueue,candidate,37,407,59.79843600000004,1.616173945945947,21,,"[56.50185900000008, 64.04464800000005, 59.79843600000004, 60.44346499999995, 56.593298000000004, 64.50448400000005, 59.323303000000124, 59.88901499999997, 56.12477799999988, 63.80094600000007, 59.811049999999796, 60.03241099999991, 55.711569000000054, 63.73098600000003, 59.43029200000001, 59.567325999999866, 55.956525000000056, 65.07309099999998, 59.17922499999986, 59.56072499999982, 60.64000099999976]"
113,bun,min-random-4096-enqueue,baseline,37,407,62.156242999999904,1.6798984594594568,21,,"[58.59777400000007, 66.21351799999991, 61.99883100000011, 63.34058200000004, 58.2107860000001, 67.20908699999995, 62.156242999999904, 62.04315299999985, 58.15594400000009, 66.77257599999984, 63.079467999999906, 62.047841999999946, 58.12340399999994, 66.12595600000009, 61.77296200000001, 62.2690520000001, 58.56346099999996, 66.2346970000001, 62.29084300000022, 62.18208100000038, 58.30588200000011]"
114,bun,min-random-4096-enqueue,baseline,37,407,62.562691000000086,1.690883540540543,21,,"[63.19052799999997, 62.47152200000005, 58.52982899999995, 67.19944800000007, 62.131709999999885, 63.78279700000007, 58.81086099999993, 66.60037699999998, 62.562691000000086, 62.40299499999992, 59.15643299999988, 68.96552199999996, 63.01079299999992, 62.18738300000018, 59.31895499999996, 67.70125600000006, 64.20297800000003, 62.559445000000096, 59.20792900000015, 66.87560299999996, 64.34756700000025]"
115,bun,min-random-4096-enqueue,candidate,37,407,60.79026799999997,1.6429802162162155,21,,"[60.13441, 60.3981, 56.51331300000004, 64.24888299999998, 60.79026799999997, 61.206400999999914, 56.448171999999886, 64.60934299999985, 60.160147999999936, 60.07970799999998, 56.21792399999981, 64.51704099999984, 64.62179600000013, 86.87372200000004, 57.76209300000005, 65.1237880000001, 61.06269400000019, 60.916853000000174, 57.29895299999998, 64.80556700000034, 59.69701699999996]"
116,bun,min-random-4096-enqueue,baseline,37,407,63.1074329999999,1.7056062972972945,21,,"[59.914761999999996, 67.34535600000004, 62.918952999999874, 64.61876099999995, 59.97747800000002, 67.62884200000008, 62.97700099999997, 63.15858800000001, 60.61850000000004, 68.12994299999991, 62.66029200000003, 62.980937999999924, 59.57541200000014, 68.4206630000001, 63.1074329999999, 63.14661500000011, 59.54279100000008, 67.53949899999998, 63.22262699999965, 62.88448900000003, 64.26381100000026]"
117,bun,min-random-4096-enqueue,candidate,37,407,60.690651000000116,1.640287864864868,21,,"[57.999683000000005, 65.32505900000001, 61.49093700000003, 61.55416500000001, 58.24472700000001, 64.5620120000001, 60.447959999999966, 60.60211699999991, 57.08114599999999, 65.82824400000004, 60.85615800000005, 60.58203800000001, 57.156306000000086, 64.45761799999991, 60.30395199999998, 60.97085100000004, 56.851089, 64.94626600000015, 60.690651000000116, 60.59145699999999, 60.71986500000003]"
118,bun,min-random-4096-enqueue,candidate,37,407,61.25853499999994,1.6556360810810795,21,,"[61.88969800000007, 62.19202000000007, 58.32276200000001, 65.99656600000003, 61.25853499999994, 61.22846299999992, 58.50759500000004, 66.04723100000001, 61.84247000000005, 60.96080200000006, 57.49500499999999, 66.35896900000012, 62.02239400000008, 61.92459299999996, 58.880378000000064, 65.71858900000007, 61.21257999999989, 60.74628400000006, 57.53296599999976, 60.89621299999999, 66.36438899999985]"
119,bun,min-random-4096-enqueue,baseline,37,407,62.507384999999886,1.6893887837837807,21,,"[59.768706000000066, 67.51671999999996, 62.42436000000009, 63.80449499999986, 60.018692999999985, 67.60915099999988, 63.73571599999991, 64.03524300000004, 60.05041100000017, 67.17939300000012, 61.93006199999991, 62.204091999999946, 59.07927800000016, 67.533862, 62.507384999999886, 64.8081279999999, 59.08610999999996, 67.1498590000001, 62.20704799999976, 62.84665499999983, 59.14884699999993]"
120,bun,min-random-4096-enqueue,baseline,37,407,64.86216299999978,1.7530314324324265,21,,"[61.68097, 64.24093500000004, 64.50448500000005, 64.912282, 64.43135899999993, 65.34804099999997, 61.84546599999999, 70.27227500000004, 65.18278400000008, 64.30930199999989, 61.871163000000024, 68.74832700000002, 66.15747499999998, 65.83662900000013, 62.32694399999991, 68.50052099999994, 64.86216299999978, 64.52730100000008, 62.38134500000024, 69.18910000000005, 66.20253300000013]"
121,bun,min-random-4096-enqueue,baseline,37,407,63.82962500000008,1.725125000000002,21,,"[58.741824000000065, 66.88575200000002, 64.23285400000009, 64.0534009999999, 59.690616999999975, 67.68836299999998, 63.719990999999936, 63.90690800000016, 59.885930000000144, 67.61414500000001, 63.52436799999987, 64.05882099999985, 60.099816000000146, 68.45573000000013, 63.85105499999986, 63.82962500000008, 60.221903999999995, 67.94084100000009, 63.48133800000005, 63.66057099999989, 59.976908000000094]"
122,bun,min-random-4096-enqueue,baseline,37,407,63.83120800000006,1.7251677837837853,21,,"[63.83162900000002, 63.035529999999994, 60.47227899999996, 68.248783, 63.30431900000008, 63.77399199999991, 60.865819999999985, 67.46594900000014, 63.83120800000006, 65.22588800000017, 60.93863499999998, 67.47676000000001, 62.96278499999994, 64.44670100000008, 60.86095, 67.44778599999995, 63.962901999999985, 65.33885800000007, 60.73079800000005, 67.25399600000037, 63.43248799999992]"
123,bun,min-random-4096-enqueue,baseline,37,407,64.9073370000001,1.754252351351354,21,,"[60.10544700000003, 68.23704199999997, 63.587224000000106, 65.16060800000014, 61.72693900000013, 67.93047200000001, 63.878856999999925, 64.51721199999997, 60.57914699999992, 68.55553400000008, 64.9073370000001, 65.47548299999994, 60.99510000000009, 67.98947199999998, 64.93870500000003, 65.38574499999982, 61.11292900000012, 68.748873, 64.9548749999999, 64.55675599999995, 60.28625199999988]"
124,bun,min-random-4096-enqueue,baseline,37,407,63.37932300000011,1.7129546756756788,21,,"[59.706451000000015, 67.25755600000002, 63.50708999999995, 63.69551000000001, 59.94474300000002, 66.5186940000001, 63.49818400000004, 63.2137560000001, 59.813850999999886, 66.71630099999993, 62.382521, 62.39397300000019, 58.47592600000007, 68.58903299999997, 63.07107000000019, 64.38131500000009, 59.86540700000023, 67.7209969999999, 63.37932300000011, 64.00070700000015, 59.76918799999976]"
125,bun,min-random-4096-enqueue,candidate,37,407,60.5683919999999,1.636983567567565,21,,"[64.73552199999995, 60.506235999999944, 60.80336799999998, 57.09727500000008, 65.47289500000011, 61.696727999999894, 60.627891999999974, 56.90396499999997, 66.06487200000015, 60.45587300000011, 60.99838100000011, 57.156154000000015, 65.36079300000006, 60.21295200000009, 60.52210600000012, 60.5683919999999, 57.524388000000044, 59.750421999999844, 65.3986339999999, 60.71720800000003, 60.5160149999997]"
126,bun,min-random-4096-enqueue,candidate,37,407,61.95688099999984,1.674510297297293,21,,"[62.34004200000004, 61.43079399999999, 57.11808300000007, 66.34998100000007, 62.559220000000096, 61.88349500000004, 57.50350000000003, 66.66085799999996, 61.75518699999998, 61.95688099999984, 59.11347000000001, 65.65884800000003, 62.453123000000005, 62.22721299999989, 58.60145899999998, 65.56356000000005, 61.83019599999989, 62.024397000000135, 58.69784699999991, 65.51442999999972, 61.478963999999905]"
127,bun,min-random-4096-enqueue,baseline,37,407,65.87105700000029,1.7802988378378457,21,,"[66.11305100000004, 61.57181600000001, 70.54830900000002, 65.4388379999998, 66.56431399999997, 63.244016999999985, 65.23427399999991, 66.32620299999985, 65.75625400000013, 65.21495899999991, 65.47317799999996, 61.491581, 70.41505200000006, 66.20382500000005, 66.2959370000001, 62.578089999999975, 69.44179099999997, 66.00883299999987, 65.87105700000029, 62.18427900000006, 70.42901500000016]"
128,bun,min-random-4096-enqueue,baseline,37,407,62.69473700000026,1.6944523513513583,21,,"[59.27050499999996, 67.84130700000003, 63.006887000000006, 62.985637, 59.068379999999934, 61.63682199999994, 62.80860800000005, 62.590723000000025, 59.16003100000012, 67.92296899999997, 62.54534899999999, 62.56372299999998, 59.39521800000011, 67.20749, 63.03864599999997, 63.35208799999987, 59.12622800000008, 67.82701100000031, 62.69473700000026, 62.85429199999999, 59.096132000000125]"
129,bun,min-random-4096-enqueue,baseline,37,407,62.980718000000024,1.7021815675675682,21,,"[59.410504999999944, 61.35340499999995, 62.980718000000024, 63.578968999999915, 63.08046300000001, 63.53604999999993, 59.2353599999999, 67.75983599999995, 63.340466000000106, 63.77839000000017, 59.59150199999999, 67.04924600000004, 61.95795799999996, 62.909135000000106, 58.61012800000003, 69.24866099999986, 62.15296999999987, 63.53007800000023, 58.627891999999974, 66.9388200000003, 62.11931800000002]"
130,bun,min-random-4096-enqueue,baseline,37,407,62.48721099999989,1.6888435405405375,21,,"[62.11704300000008, 58.47183199999995, 67.03747399999997, 62.409235999999964, 63.15200600000003, 63.57439099999988, 59.24583000000007, 62.110149999999976, 63.343942999999854, 61.911952000000156, 61.95482199999992, 62.48721099999989, 58.758985000000166, 67.42115700000022, 63.33447500000011, 63.73093199999994, 59.68760400000019, 62.02991700000007, 68.54537200000004, 64.2360749999998, 63.737936999999874]"
131,bun,min-random-4096-enqueue,baseline,37,407,61.98135699999989,1.6751718108108078,21,,"[62.968440999999984, 62.814865000000054, 59.35561999999993, 66.59858299999996, 61.924751000000015, 62.40282000000002, 58.190305999999964, 66.43772400000012, 62.0053519999999, 61.98135699999989, 58.238203999999996, 66.30684099999985, 61.99288899999988, 61.97155900000007, 58.15819599999986, 66.97921999999994, 61.739799000000176, 61.86988900000006, 58.21169499999996, 66.98206500000015, 61.83673799999997]"
132,bun,min-random-4096-enqueue,candidate,37,407,61.73012000000017,1.6683816216216263,21,,"[58.70772600000009, 65.6924600000001, 61.85835799999995, 61.568099000000075, 57.91469299999994, 65.90813100000014, 61.67651099999989, 61.581995000000006, 57.83556599999997, 66.30500800000004, 62.352916999999934, 62.52420499999994, 58.93190199999981, 65.69983300000013, 61.27446400000008, 61.284312, 58.53319300000021, 65.89221099999986, 63.68270700000039, 61.73012000000017, 61.8048289999997]"
133,bun,min-random-4096-enqueue,baseline,37,407,63.50067900000022,1.7162345675675734,21,,"[63.33000100000004, 59.48019099999999, 68.10752600000001, 64.19419799999991, 63.2631879999999, 59.646691000000146, 67.52846999999997, 64.32899700000007, 64.59103500000015, 60.624577000000045, 68.45584299999996, 63.062865999999985, 64.17752599999994, 60.59450100000004, 67.70993799999997, 63.14147200000002, 63.02800100000013, 59.42453799999976, 69.394229, 65.859418, 63.50067900000022]"
134,bun,min-random-4096-enqueue,baseline,37,407,63.60499200000004,1.7190538378378388,21,,"[60.35176899999999, 67.13394700000003, 63.59894199999985, 64.20469600000001, 59.56315500000005, 67.24432200000001, 62.928585999999996, 63.75947999999994, 60.25962900000013, 67.03865999999994, 62.76865900000007, 62.77920900000004, 59.313911999999846, 67.35569899999996, 63.60499200000004, 64.07819100000006, 60.58355000000006, 67.84907500000008, 63.71448599999985, 64.30407099999957, 60.20617900000025]"
135,bun,min-random-4096-enqueue,candidate,37,407,60.95237599999996,1.6473615135135125,21,,"[57.465738999999985, 65.76844400000004, 60.64814000000001, 61.87204399999996, 57.87709399999994, 65.58746499999984, 61.911847999999964, 61.978111000000126, 57.88936599999988, 64.90545799999995, 60.92050599999993, 60.97343500000011, 57.030580999999984, 65.5128259999999, 61.527143000000024, 60.366487000000006, 56.93093500000009, 64.70421399999987, 60.95237599999996, 60.72012300000006, 60.73842799999966]"
136,bun,min-random-4096-enqueue,baseline,37,407,62.221843000000035,1.6816714324324333,21,,"[58.63391899999999, 66.20591300000001, 61.94936700000005, 62.06828799999994, 58.149208000000044, 68.00511799999981, 62.65645100000006, 62.47615500000006, 58.861311000000114, 67.3479040000002, 62.578753000000006, 62.5214390000001, 58.48082499999987, 62.03256099999999, 61.55715800000007, 62.43534, 62.221843000000035, 58.678621999999905, 61.92985099999987, 62.339862999999696, 62.3896850000001]"
137,bun,min-random-4096-enqueue,baseline,37,407,62.51254300000005,1.6895281891891905,21,,"[62.17612900000006, 58.65696200000002, 67.61713400000008, 62.55716600000005, 62.51254300000005, 59.85283299999992, 66.64863500000001, 62.127707999999984, 62.668042000000014, 59.0075260000001, 66.78562399999987, 62.66937800000005, 62.46651100000008, 58.607914000000164, 67.32526600000006, 62.082449, 62.95541900000012, 58.773922000000084, 67.29036199999973, 62.431556, 62.65634399999999]"
138,bun,min-random-4096-enqueue,baseline,37,407,62.46979800000008,1.6883729189189212,21,,"[63.066145000000006, 58.71782799999994, 67.19683799999996, 62.32937700000002, 62.75074000000018, 58.462683999999854, 67.35182600000007, 62.15849000000003, 62.46979800000008, 58.375601999999844, 67.51633100000004, 62.94283599999994, 62.39923599999997, 58.39178199999992, 66.725191, 62.28030599999988, 62.174008000000185, 62.52518000000009, 58.43378100000018, 66.97206000000006, 62.53177300000016]"
139,bun,min-random-4096-enqueue,baseline,37,407,63.310227999999825,1.7110872432432385,21,,"[62.35152699999992, 58.858960000000025, 66.45292599999993, 62.604266999999936, 62.356596999999965, 58.698081, 67.55428199999983, 63.39239099999986, 63.7409990000001, 60.15202199999999, 67.0127460000001, 62.26069899999993, 62.43977099999984, 58.844153000000006, 67.22681399999988, 63.874686999999994, 63.53641900000002, 60.06328699999972, 66.91914200000019, 63.310227999999825, 63.97211800000014]"
140,node,min-random-4096-enqueue,baseline,50,550,64.75547400000005,1.295109480000001,21,,"[62.41573699999992, 62.67892599999993, 64.83385799999996, 64.22796300000005, 63.179416000000174, 63.112801999999874, 63.35151599999995, 64.79472599999986, 65.94360000000006, 64.42893400000003, 64.75547400000005, 64.7721039999999, 66.38364999999999, 65.95360899999991, 64.09769099999994, 64.41019199999982, 63.82003600000007, 68.13031499999988, 65.22878200000014, 65.50988199999983, 65.01454100000001]"
141,node,min-random-4096-enqueue,baseline,50,550,67.6432440000001,1.3528648800000018,21,,"[66.96646700000008, 66.82478399999991, 66.18183899999985, 66.70077300000003, 66.93182200000001, 66.95586800000001, 68.16826900000001, 66.95766000000003, 67.67021399999999, 67.1722299999999, 67.50137000000018, 68.47833500000002, 67.6432440000001, 69.02306700000008, 67.08202100000017, 67.78300399999989, 68.862169, 67.81621600000017, 68.9325789999998, 68.20913500000006, 68.40049099999987]"
142,node,min-random-4096-enqueue,baseline,50,550,67.51222099999995,1.350244419999999,21,,"[66.80865400000005, 67.346362, 67.15625999999997, 67.51222099999995, 67.09718900000007, 66.89349199999992, 68.06194200000004, 68.44098499999996, 67.99424599999998, 67.51295200000004, 67.78968600000007, 68.70158000000015, 67.51164000000017, 67.75848799999994, 67.06890800000019, 66.86792400000013, 67.71721200000002, 67.1605370000002, 70.94022899999982, 67.41808600000013, 68.14537599999994]"
143,node,min-random-4096-enqueue,baseline,50,550,63.948712,1.27897424,21,,"[63.948712, 63.38695899999993, 62.88936399999989, 64.65739800000006, 63.08494699999983, 62.90015399999993, 63.50728099999992, 63.082111999999825, 69.80884600000013, 63.57347499999992, 66.73834299999999, 64.14641899999992, 63.73056699999984, 65.67345599999999, 63.70483899999999, 64.74103300000002, 63.94071699999995, 64.04483000000027, 65.65697400000045, 65.21471500000007, 66.33822899999996]"
144,node,min-random-4096-enqueue,candidate,50,550,64.02498500000002,1.2804997000000002,21,,"[61.54698999999994, 61.79254600000013, 61.88101000000006, 64.02498500000002, 63.03910100000007, 62.66077900000005, 63.90181299999995, 64.63743999999997, 65.64463099999989, 63.2436909999999, 63.6168439999999, 64.17656399999987, 64.051872, 65.5198899999998, 63.59133700000007, 64.28759100000002, 64.98892299999989, 64.61819500000001, 65.77397100000007, 64.4037959999996, 63.499776999999995]"
145,node,min-random-4096-enqueue,baseline,50,550,67.38408199999981,1.3476816399999962,21,,"[66.38528700000006, 68.30777699999999, 66.51199199999996, 67.29158999999981, 66.40406099999996, 66.12522400000012, 67.69314600000007, 66.83030300000019, 67.39763799999992, 66.75526400000012, 66.7600530000002, 68.16230799999994, 66.96148700000003, 68.45526100000006, 67.38408199999981, 68.34590800000024, 68.53006000000005, 67.30759000000035, 68.6514659999998, 67.51638700000012, 68.11012000000028]"
146,node,min-random-4096-enqueue,baseline,50,550,63.975820999999996,1.27951642,21,,"[62.734785999999986, 62.82463299999995, 62.706173000000035, 63.88060399999995, 62.5989340000001, 62.64542000000006, 63.23562600000014, 65.21730700000012, 65.68941400000017, 63.37800100000004, 67.19021199999997, 63.771342000000004, 65.70570399999997, 65.041741, 63.79885300000001, 64.06310299999996, 63.975820999999996, 67.90919699999995, 65.18384500000002, 65.44201499999963, 64.55432700000028]"
147,node,min-random-4096-enqueue,candidate,50,550,64.21363300000007,1.2842726600000014,21,,"[63.145519000000036, 62.9890190000001, 63.16250099999979, 64.73370999999997, 63.48000100000013, 63.02863300000013, 64.00695999999994, 63.11224799999991, 65.80439799999999, 63.0673740000002, 63.460354999999936, 64.99646699999994, 64.21363300000007, 65.48986500000001, 64.50335199999995, 64.01454399999989, 64.95168399999966, 64.66508199999998, 65.818534, 64.544848, 64.67255599999999]"
148,node,min-random-4096-enqueue,baseline,50,550,63.96166599999992,1.2792333199999986,21,,"[65.67065000000014, 62.819533999999976, 62.82549499999982, 63.80817999999999, 62.79326500000002, 62.480915000000095, 63.155948999999964, 64.81446899999992, 65.42996300000004, 63.25846999999999, 63.64974600000005, 64.887745, 66.395937, 65.66535999999996, 63.96166599999992, 63.677877999999964, 63.45950300000004, 65.64166700000033, 64.8742699999998, 65.58911899999976, 64.70463599999994]"
149,node,min-random-4096-enqueue,baseline,50,550,67.5702980000001,1.351405960000002,21,,"[66.83417100000008, 67.00577999999996, 66.91807700000004, 67.5702980000001, 67.0550209999999, 66.684483, 68.30778800000007, 67.32002299999999, 67.9494830000001, 67.73835099999997, 67.63176199999998, 68.54347600000006, 67.84523900000022, 69.92418100000009, 67.40847800000006, 67.38265999999976, 68.09774800000014, 66.85264600000028, 68.03348800000003, 67.3370560000003, 69.42769799999996]"
150,node,min-random-4096-enqueue,baseline,50,550,67.470732,1.34941464,21,,"[65.82495600000004, 66.60757899999999, 66.82473299999992, 67.14335499999993, 66.66850299999987, 66.34486100000004, 67.9547520000001, 66.563087, 67.470732, 66.78992800000015, 66.8536959999999, 67.85754100000008, 67.33246600000007, 68.57255800000007, 68.15300999999977, 68.2516529999998, 69.46051799999987, 70.13910799999985, 69.93358699999999, 68.62689, 69.11902399999963]"
151,node,min-random-4096-enqueue,baseline,50,550,67.13750399999981,1.342750079999996,21,,"[66.64075100000002, 66.89253799999983, 67.31446199999982, 68.02504200000021, 67.20602099999996, 67.10471199999984, 67.42648099999997, 67.53334900000004, 66.34700600000019, 66.46247900000003, 66.76740700000005, 66.99344599999995, 67.12063200000011, 67.51730899999984, 67.05779600000005, 67.11420999999973, 67.13750399999981, 68.84088699999984, 69.71089600000005, 68.33820399999968, 68.96350499999971]"
152,node,min-random-4096-enqueue,candidate,50,550,60.993461000000025,1.2198692200000005,21,,"[60.60914699999989, 60.549065999999925, 60.60339699999986, 60.5141900000001, 59.8927970000002, 59.24158699999998, 59.93211000000019, 60.993461000000025, 60.44033399999989, 60.8408280000001, 61.42833900000005, 61.77895000000012, 61.69807999999989, 61.67156099999988, 61.571084000000155, 60.68963699999995, 61.09339700000032, 62.076552999999876, 61.86682400000018, 61.787417000000005, 62.247867999999926]"
153,node,min-random-4096-enqueue,baseline,50,550,67.15935100000024,1.343187020000005,21,,"[67.13390300000015, 67.25768399999993, 67.38328700000011, 66.54856699999982, 66.89713299999994, 65.80648800000017, 67.30311799999981, 66.34503799999993, 68.83412099999987, 66.62839400000007, 66.74695499999984, 67.39173200000005, 66.71360299999992, 67.679306, 66.88885800000003, 67.0472920000002, 67.52469900000006, 68.07778700000017, 68.35227600000007, 67.15935100000024, 67.93212600000015]"
154,node,min-random-4096-enqueue,baseline,50,550,68.7705840000001,1.375411680000002,21,,"[66.29634800000008, 67.39858499999991, 66.85350300000005, 67.76856199999997, 68.0390440000001, 67.71310000000017, 69.61291700000015, 69.00881600000002, 69.44170899999995, 68.51313600000003, 69.28737300000012, 70.15464399999996, 68.7705840000001, 69.0942950000001, 67.80076899999995, 67.89289299999973, 69.02136900000005, 68.54417300000023, 69.43517699999984, 68.85064499999999, 69.49591999999984]"
155,node,min-random-4096-enqueue,candidate,50,550,63.40223300000025,1.268044660000005,21,,"[62.006290000000035, 62.41808399999991, 62.50501599999984, 63.90014700000006, 62.16387200000008, 62.24293899999998, 63.20419500000003, 61.924126000000115, 64.78280699999982, 62.23603600000001, 66.69702200000006, 63.469317000000046, 63.11120200000005, 64.45057999999995, 63.283342000000175, 63.40223300000025, 64.18005700000003, 63.98997399999962, 64.9710970000001, 63.74249699999973, 63.71927400000004]"
156,node,min-random-4096-enqueue,baseline,50,550,63.81581300000016,1.2763162600000033,21,,"[63.00702100000001, 62.967398, 63.02659799999992, 64.22492299999999, 63.169192000000066, 62.85630100000003, 63.44654799999989, 65.00704600000017, 65.5094889999998, 62.8832010000001, 63.568664000000126, 63.81581300000016, 65.29062199999998, 64.93416100000013, 63.72895300000005, 64.11370599999987, 63.66775899999993, 65.82616699999971, 65.2533739999999, 65.43305699999974, 64.44772699999976]"
157,node,min-random-4096-enqueue,candidate,50,550,61.095220000000154,1.221904400000003,21,,"[59.33036200000004, 59.20133199999998, 59.9127840000001, 60.02992200000017, 60.09786699999995, 59.67696599999999, 60.07963700000005, 61.368645000000015, 61.383555000000115, 61.095220000000154, 61.57445999999982, 62.008556, 63.29961400000002, 61.70393000000013, 60.817224000000124, 60.729872000000114, 60.76716099999999, 62.50776399999995, 61.685357000000295, 61.66778299999987, 63.920526999999765]"
158,node,min-random-4096-enqueue,candidate,50,550,63.857940999999755,1.277158819999995,21,,"[61.804727999999955, 62.2091089999999, 62.03390400000012, 64.56361300000003, 63.15003700000011, 62.881548000000066, 64.01523399999996, 63.00676099999987, 65.87434800000005, 63.31429299999991, 67.84311400000001, 64.62812200000008, 63.9835149999999, 65.37435800000003, 63.958709, 63.60352900000021, 63.88302900000008, 63.56314400000019, 64.90737099999978, 63.48442699999987, 63.857940999999755]"
159,node,min-random-4096-enqueue,baseline,50,550,67.10872100000006,1.3421744200000012,21,,"[65.7513100000001, 65.85717599999998, 66.29206399999998, 66.26866100000007, 66.00379799999996, 65.66953699999999, 67.58380399999987, 66.24718099999996, 66.99835499999995, 66.1698859999999, 66.91355799999997, 68.16234799999984, 67.10872100000006, 68.39298600000006, 67.3033620000001, 67.30783100000008, 67.97079200000007, 67.40012200000001, 68.44314900000018, 67.50478699999985, 67.85766199999989]"
160,node,min-random-4096-enqueue,baseline,50,550,68.94432000000006,1.3788864000000012,21,,"[67.20448800000008, 68.79872999999998, 67.76360699999987, 66.83022400000004, 69.02394800000002, 66.46842199999992, 69.49284899999998, 67.69585099999995, 68.61760299999992, 69.77113600000007, 67.95490199999995, 69.93622299999993, 69.235952, 68.58184700000015, 69.78411000000006, 68.94432000000006, 69.93407799999977, 69.33956399999988, 69.88380600000028, 69.17558899999995, 68.52551300000005]"
161,node,min-random-4096-enqueue,baseline,50,550,66.65669100000014,1.3331338200000027,21,,"[66.08332599999994, 65.97875199999999, 66.12015399999996, 66.53582699999993, 65.79857700000002, 65.81788200000005, 67.29504700000007, 66.20759699999985, 66.65669100000014, 65.99980099999993, 66.23904600000014, 67.71625900000004, 66.4417719999999, 68.12343499999997, 66.91286699999978, 67.18567400000029, 67.70683099999997, 66.93834400000014, 68.90740400000004, 67.95299599999998, 67.69483899999977]"
162,node,min-random-4096-enqueue,baseline,50,550,67.4651829999998,1.349303659999996,21,,"[66.28615200000002, 69.63336999999979, 67.41996899999981, 66.49681400000009, 66.78871600000002, 68.3285870000002, 67.74004300000001, 68.18436900000006, 67.4651829999998, 67.34647300000006, 66.78444800000011, 67.67264799999998, 67.26750599999991, 66.89419300000009, 67.69680300000005, 66.86868400000003, 67.200421, 68.01987400000007, 67.74062400000003, 69.27326099999982, 69.72247500000003]"
163,node,min-random-4096-enqueue,baseline,50,550,65.03908700000011,1.3007817400000021,21,,"[66.02646000000004, 65.57231700000011, 63.137014000000136, 64.53508000000011, 63.08340399999997, 63.007020999999895, 63.28855500000009, 65.22383000000013, 66.74403299999994, 64.79940099999999, 65.46094900000003, 64.92707799999994, 66.49083300000007, 65.03908700000011, 66.37114999999994, 64.48015900000019, 64.16137600000002, 65.92078399999991, 64.89136099999996, 65.69489500000009, 66.1838029999999]"
164,node,min-random-4096-enqueue,baseline,50,550,64.47769400000016,1.289553880000003,21,,"[63.48553100000004, 63.84167200000002, 63.01468599999998, 64.50526500000001, 63.78491599999984, 63.346461999999974, 64.05029999999988, 65.55972399999996, 66.43103100000008, 64.15526499999987, 63.94701800000007, 64.47769400000016, 67.04005200000006, 66.27465099999995, 64.0688540000001, 65.24057100000005, 64.60434900000018, 66.71097199999986, 66.0799790000001, 65.69017600000006, 64.23436200000015]"
165,node,min-random-4096-enqueue,candidate,50,550,63.35188199999993,1.2670376399999987,21,,"[61.45661199999995, 61.43650400000001, 62.48163599999998, 64.22297000000003, 62.816928999999845, 62.959282999999914, 64.24380900000006, 63.34868600000004, 65.55811000000017, 62.57641200000012, 63.3862059999999, 64.41096000000016, 63.509023999999954, 65.192722, 63.7225820000001, 62.687498000000005, 63.438864000000194, 63.10788900000034, 65.3790170000002, 62.993316999999934, 63.35188199999993]"
166,node,min-random-4096-enqueue,candidate,50,550,63.16363300000012,1.2632726600000024,21,,"[62.90328899999997, 64.92010500000004, 63.04851499999995, 63.83413900000005, 61.94254499999988, 61.83952299999987, 63.275887999999895, 61.88718199999994, 64.64939499999991, 62.969310999999834, 62.592722000000094, 63.19965899999988, 62.520909000000074, 64.1701720000001, 62.6722400000001, 62.95670800000016, 63.45880100000022, 63.24732899999981, 64.62550800000008, 63.16363300000012, 63.4229949999999]"
167,node,min-random-4096-enqueue,baseline,50,550,64.92738900000018,1.2985477800000036,21,,"[62.701824999999985, 62.87136999999984, 63.41759400000001, 65.61622800000009, 63.06007100000011, 64.10826699999984, 63.486041000000114, 65.10279500000001, 65.82275200000004, 63.74749699999984, 63.95928099999992, 66.76816399999984, 66.11298099999999, 64.92738900000018, 64.5844810000001, 65.16437900000005, 64.77332299999989, 66.67395199999964, 67.26263600000038, 67.91413700000021, 66.02467699999988]"
168,node,min-random-4096-enqueue,baseline,50,550,65.02006400000005,1.3004012800000009,21,,"[64.35666100000003, 64.27565100000015, 65.02006400000005, 65.43257000000017, 64.52451399999995, 64.24736800000005, 66.70850000000019, 65.68965800000001, 65.81484999999998, 64.11437099999989, 64.16266100000007, 64.82773700000007, 66.15257799999995, 65.341631, 64.32322899999986, 64.49893600000019, 64.61980099999982, 66.18337499999961, 65.36799999999994, 65.7067189999998, 65.49269099999992]"
169,node,min-random-4096-enqueue,baseline,50,550,64.47256700000003,1.2894513400000005,21,,"[63.11234999999999, 62.90590599999996, 63.11786099999995, 66.64072499999997, 63.41498200000001, 63.358367000000044, 63.53515500000003, 65.46134399999983, 65.98491600000011, 63.61358100000007, 63.90558299999998, 64.39337, 65.6739090000001, 64.98686199999997, 64.48418800000013, 64.47256700000003, 64.0845260000001, 65.739149, 65.34965599999987, 65.60195500000009, 64.8058060000003]"
170,node,min-random-4096-enqueue,baseline,50,550,67.98619299999996,1.3597238599999992,21,,"[66.85804800000005, 67.09984699999995, 67.43849699999987, 67.22550100000012, 67.02762400000006, 67.329835, 68.63655199999994, 67.86967699999991, 67.93253400000003, 67.4024300000001, 67.95977399999992, 68.84532899999999, 67.98619299999996, 69.18184599999995, 68.44579799999997, 69.34850400000005, 69.56106, 68.86130899999989, 69.72062599999981, 68.07666100000006, 68.55662399999983]"
171,node,min-random-4096-enqueue,baseline,50,550,64.8391610000001,1.296783220000002,21,,"[63.85847899999999, 63.742184000000066, 63.956472000000076, 65.20233499999995, 64.09670200000005, 68.32021599999985, 63.91635700000006, 65.94193999999993, 66.75787500000001, 65.10735900000009, 64.8391610000001, 64.78001100000006, 66.80524300000002, 67.2580559999999, 64.80531799999994, 64.08445000000006, 63.947701999999936, 65.57130099999995, 64.95505599999979, 65.50595999999996, 64.66901400000006]"
172,bun,singleton-list-push,baseline,1127764,12405404,59.685499999999934,5.292375000443349e-05,21,,"[59.884900000000016, 59.19436799999994, 59.61200300000007, 59.685499999999934, 60.643397999999934, 60.76265000000001, 59.61965800000007, 59.465090000000146, 59.14264100000014, 62.895781999999826, 59.19516900000008, 60.56133599999998, 59.35672900000009, 59.75966800000015, 60.35836900000004, 60.87391600000001, 61.22147199999995, 60.09207399999991, 59.61134199999992, 59.665042000000085, 59.30167699999993]"
173,bun,singleton-list-push,candidate,1127764,12405404,60.70843999999988,5.383080147974211e-05,21,,"[59.90074000000004, 61.36697200000003, 60.449126999999976, 60.15278799999999, 62.03921100000002, 60.644840999999815, 60.130495999999994, 60.07713699999999, 60.069602999999915, 59.99083600000017, 60.100820999999996, 61.300739999999905, 60.97327199999995, 60.91612400000008, 61.312550999999985, 61.053660000000036, 61.231230000000096, 61.18244000000004, 61.496814000000086, 60.70843999999988, 60.25195099999996]"
174,bun,singleton-list-push,candidate,1127764,12405404,60.16895199999999,5.335243189177877e-05,21,,"[59.775567000000024, 59.60479899999996, 59.961832999999956, 60.18361500000003, 60.524697999999944, 60.41900099999998, 60.57425000000012, 59.94204599999989, 59.696173000000044, 59.93265500000007, 59.726181, 59.6714199999999, 60.82636500000012, 60.91967999999997, 60.07610199999999, 60.9806430000001, 61.333898999999974, 60.16895199999999, 60.795478, 60.039272999999866, 60.503705999999966]"
175,bun,singleton-list-push,baseline,1127764,12405404,60.03581699999995,5.323437971064864e-05,21,,"[63.98049600000002, 59.98739699999999, 60.315968, 60.18202900000006, 60.30355399999996, 60.24619800000005, 60.10738000000015, 60.4703320000001, 59.62411199999997, 60.856641999999965, 60.662160000000085, 59.59636099999989, 59.671931000000086, 60.021322000000055, 59.89722999999981, 59.72294600000009, 59.72185300000001, 59.85078300000009, 60.12766499999998, 59.955987999999934, 60.03581699999995]"
176,bun,singleton-list-push,baseline,1127764,12405404,59.76465300000018,5.299393578798417e-05,21,,"[59.74780200000009, 60.065041000000065, 59.394154999999955, 59.86522799999989, 60.10464400000001, 59.723896999999965, 59.685175999999956, 59.77091500000006, 59.562318000000005, 60.98267600000008, 59.26712899999984, 59.76465300000018, 59.50189599999999, 59.38249299999984, 59.13353099999995, 60.99176299999999, 60.368245000000115, 59.57399600000008, 60.438244999999824, 60.514996999999994, 60.381137999999964]"
177,bun,singleton-list-push,baseline,1127764,12405404,61.34200400000009,5.43925892296616e-05,21,,"[61.761482, 60.44639899999993, 61.571158999999966, 60.39929299999994, 61.86082800000008, 60.850059999999985, 61.35457600000018, 60.99044099999992, 61.75447999999983, 60.31827199999998, 61.64021700000012, 60.10994500000015, 61.883771000000024, 60.27222699999993, 61.34200400000009, 60.5398439999999, 61.66324000000009, 60.55401000000006, 62.16799900000001, 60.26184699999999, 61.741825999999946]"
178,bun,singleton-list-push,baseline,1127764,12405404,60.21674999999982,5.3394814872615034e-05,21,,"[60.12794799999995, 60.092757000000006, 60.13607999999999, 61.39897599999995, 61.10434900000007, 60.07034799999997, 60.11422999999991, 60.1980759999999, 59.99262399999998, 60.703254000000015, 61.468755999999985, 60.19931799999995, 60.21674999999982, 60.281610999999884, 60.375614999999925, 60.38570400000003, 60.12564099999986, 60.36946400000011, 60.697012000000086, 60.46651399999996, 60.1337860000001]"
179,bun,singleton-list-push,baseline,1127764,12405404,60.59323900000004,5.372865156185163e-05,21,,"[60.59323900000004, 60.67014199999994, 60.328557000000046, 61.951502000000005, 60.624348000000055, 60.76790600000004, 60.870263999999906, 61.217218999999886, 60.40218499999992, 59.865448000000015, 60.111265, 60.56631000000016, 60.46046299999989, 59.978186999999934, 60.32943900000009, 60.624217000000044, 60.966543, 60.77901399999996, 60.44310999999993, 59.87875200000008, 61.16044299999999]"
180,bun,singleton-list-push,baseline,1127764,12405404,61.2413939999999,5.430337730234331e-05,21,,"[60.6141080000001, 61.625541, 61.699363999999946, 61.841463999999974, 61.08551399999999, 60.82736399999999, 60.4006609999999, 60.75235500000008, 61.45798600000012, 61.2413939999999, 60.76158299999997, 60.808678999999984, 60.77596900000003, 61.96193199999993, 61.652616999999964, 61.03434900000002, 62.109514999999874, 61.007077999999865, 62.44002999999998, 61.689746000000014, 61.91450400000008]"
181,bun,singleton-list-push,baseline,1127764,12405404,62.52338499999996,5.5440131977966985e-05,21,,"[62.91845799999999, 61.07604600000002, 63.09531700000002, 62.68093299999998, 63.576303999999936, 60.72119699999985, 62.98548500000015, 60.157539999999926, 62.62919399999987, 60.65871100000004, 62.262950000000046, 60.6219430000001, 62.693760999999995, 61.38727400000016, 62.88330300000007, 60.56836300000009, 62.52338499999996, 60.718012000000044, 63.71345500000007, 60.737427000000025, 64.87251800000013]"
182,bun,singleton-list-push,baseline,1127764,12405404,60.00507799999991,5.320712312150407e-05,21,,"[59.89374299999997, 59.97142500000007, 59.949253999999996, 60.82482300000004, 60.10309900000004, 59.759411000000114, 60.00507799999991, 59.84220400000004, 59.45171899999991, 61.22283900000002, 60.73305899999991, 60.762705000000096, 59.92450800000006, 59.99911599999996, 60.06758300000001, 59.724607000000105, 59.93615900000009, 60.772392999999965, 60.36606800000004, 60.218474000000015, 60.19734500000004]"
183,bun,singleton-list-push,baseline,1127764,12405404,60.89028099999996,5.3992041774697505e-05,21,,"[61.437938999999915, 61.330911000000015, 61.595241999999985, 61.37259700000004, 61.17018099999996, 61.155144000000064, 60.99907399999984, 60.34911699999998, 59.68902099999991, 60.48952799999984, 61.340457000000015, 59.993265000000065, 60.3850030000001, 60.97407999999996, 60.06790099999989, 60.25492200000008, 60.15223100000003, 61.228583999999955, 60.89028099999996, 60.163651999999956, 60.24403099999995]"
184,bun,singleton-list-push,candidate,1127764,12405404,60.87443199999984,5.3977988302517056e-05,21,,"[61.90394500000002, 61.42640800000004, 60.562613000000056, 61.138382999999976, 61.9800459999999, 62.06557100000009, 61.16131500000006, 60.228593000000046, 60.41153299999996, 60.76604099999986, 60.39792699999998, 60.251665, 59.87492599999996, 61.591342999999824, 62.46146999999996, 61.60881599999993, 61.23998099999994, 60.77704099999983, 60.07102999999984, 60.317116999999826, 60.87443199999984]"
185,bun,singleton-list-push,baseline,1127764,12405404,60.30783999999994,5.347558531749545e-05,21,,"[60.142091999999934, 60.89813600000002, 61.13793199999998, 60.978595999999925, 60.302850000000035, 60.48930700000005, 60.30783999999994, 59.872071000000005, 60.27455800000007, 59.63148300000012, 59.730928000000176, 59.969430999999986, 59.675745000000006, 60.00425599999994, 61.54856799999993, 60.844606999999996, 60.179370999999946, 60.78575799999999, 61.672074000000066, 62.05040299999996, 61.5547959999999]"
186,bun,singleton-list-push,baseline,1127764,12405404,60.82407000000012,5.393333179636885e-05,21,,"[60.569807999999966, 60.66382199999998, 60.47795800000006, 60.98004000000003, 60.55896800000005, 61.74752600000011, 61.62775399999987, 62.30224599999997, 60.332386999999926, 60.722048000000086, 60.34057299999995, 60.710308999999825, 60.7538790000001, 62.73611200000005, 62.10805499999992, 60.71520799999985, 61.289264, 62.25200599999994, 60.82407000000012, 60.990539000000126, 61.860717999999906]"
187,bun,singleton-list-push,candidate,1127764,12405404,61.02671600000008,5.411302009995006e-05,21,,"[60.60963200000003, 60.416303000000084, 60.38051600000006, 61.54548, 62.07494399999996, 62.359711999999945, 61.77797200000009, 61.79572499999995, 60.20318700000007, 60.39100600000006, 61.75933299999997, 61.77744099999995, 61.92752999999993, 60.264421000000084, 60.244997999999896, 60.48149400000011, 61.46091299999989, 61.88501099999985, 61.02671600000008, 60.60499300000015, 60.737609999999904]"
188,bun,singleton-list-push,baseline,1127764,12405404,60.959311999999954,5.40532522761854e-05,21,,"[61.376165000000015, 60.70895699999994, 60.805034999999975, 61.009784999999965, 61.09797900000012, 60.95214800000008, 60.639969000000065, 60.76652300000001, 60.83273600000007, 60.90032199999996, 60.5675940000001, 62.23154499999987, 60.631492999999864, 60.959311999999954, 61.32578200000012, 60.52964300000008, 62.66445799999997, 61.27301499999999, 62.697427999999945, 60.97977900000001, 62.21919100000014]"
189,bun,singleton-list-push,candidate,1127764,12405404,60.308493,5.347616433934759e-05,21,,"[60.308493, 59.64309700000001, 60.332487000000015, 60.68776700000001, 60.18576499999995, 60.88657599999988, 60.986582, 60.02539700000011, 60.33281800000009, 60.29767199999992, 59.952982999999904, 59.877251000000115, 60.07832499999995, 59.86720299999979, 60.09286199999997, 60.21670200000017, 78.97944400000006, 65.1087869999999, 60.55887800000005, 61.00519699999995, 61.37605600000006]"
190,bun,singleton-list-push,candidate,1127764,12405404,60.85928600000011,5.396455818770604e-05,21,,"[60.24728900000002, 61.409839000000034, 60.503535000000056, 61.49298399999998, 61.33034100000009, 61.06155199999989, 61.244981999999936, 61.968143000000055, 61.44607999999994, 60.53943200000003, 60.40522299999998, 60.577342000000044, 60.17803099999992, 60.41883699999994, 60.85928600000011, 60.51937399999997, 60.62550199999987, 61.636560000000145, 60.907285, 60.442452, 61.37056000000007]"
191,bun,singleton-list-push,baseline,1127764,12405404,61.18913900000007,5.425704225352119e-05,21,,"[60.35741699999994, 60.51359400000001, 60.130442000000016, 60.473299, 59.99683399999992, 61.218742999999904, 61.27551000000017, 60.30458599999997, 60.377729000000045, 60.496282000000065, 60.14580999999998, 60.4487630000001, 61.41761399999996, 62.08333999999991, 61.318579, 61.42977599999995, 61.7042550000001, 61.441376999999875, 61.57720900000004, 61.18913900000007, 61.21315299999992]"
192,bun,singleton-list-push,baseline,1127764,12405404,61.44590599999992,5.448472020741922e-05,21,,"[62.253536000000054, 61.162360000000035, 63.12773000000004, 61.44590599999992, 62.46976799999993, 59.9260119999999, 62.09536200000002, 60.169644999999946, 62.381163000000015, 60.12454200000002, 61.43400399999996, 60.912194, 62.03642300000001, 60.48522099999991, 62.08254899999997, 60.36677099999997, 61.47162400000002, 60.515628000000106, 62.262261999999964, 61.18051199999991, 61.65109700000016]"
193,bun,singleton-list-push,baseline,1127764,12405404,60.696383999999966,5.382011129988186e-05,21,,"[59.96625699999993, 59.763329999999996, 60.948361999999975, 61.416331000000014, 60.696383999999966, 61.033285999999976, 59.71591199999989, 60.032489999999825, 60.49355700000001, 60.68424099999993, 61.40253599999983, 60.90502100000003, 61.09476600000016, 61.231870999999956, 60.238286000000016, 60.92306800000006, 60.98185699999999, 60.84876299999996, 60.124624999999924, 60.05948699999999, 59.994793999999956]"
194,bun,singleton-list-push,baseline,1127764,12405404,61.19577500000014,5.42629264633382e-05,21,,"[60.52083099999993, 60.55316099999993, 61.44381499999997, 60.294730999999956, 60.63767800000005, 61.62665500000003, 61.19577500000014, 61.53592600000002, 61.72728200000006, 62.017291000000114, 60.38571000000002, 60.92693499999996, 60.796343000000206, 60.58239500000013, 61.731534999999894, 61.733404000000064, 61.735557999999855, 61.74749900000006, 61.647342999999864, 60.62317099999996, 60.306872999999996]"
195,bun,singleton-list-push,baseline,1127764,12405404,60.28749800000014,5.345754785575718e-05,21,,"[60.45661099999995, 59.81984899999998, 59.88314600000001, 60.03238399999998, 61.58966600000008, 61.02014800000006, 60.80684200000019, 59.89240299999983, 60.715942999999925, 61.43622099999993, 59.815381000000116, 60.839913000000024, 60.14569400000005, 60.062709999999925, 60.28749800000014, 60.27791000000002, 59.84907399999997, 60.11072899999999, 61.23471699999982, 60.47449499999993, 60.94564000000014]"
196,bun,singleton-list-push,baseline,1127764,12405404,60.41171799999984,5.356769501420496e-05,21,,"[60.12913299999991, 60.28908000000001, 61.328832000000034, 60.180158000000006, 60.75526600000012, 60.087966999999935, 60.54267099999993, 60.18811299999993, 60.29524199999992, 60.22706500000004, 59.98617799999988, 60.36824999999999, 61.44315400000005, 61.74779000000012, 60.188052999999854, 60.41171799999984, 61.73488599999996, 60.566074999999955, 60.95978600000012, 61.31289199999992, 61.120856]"
197,bun,singleton-list-push,baseline,1127764,12405404,60.79825699999992,5.39104431423595e-05,21,,"[60.79627199999993, 60.38752299999999, 60.659317999999985, 60.77641600000004, 60.79825699999992, 63.606952999999976, 61.053110999999944, 60.60172299999999, 60.75856399999998, 60.807174999999916, 60.30903999999987, 60.61767299999997, 61.010671, 61.53613900000005, 61.92654400000015, 61.66991800000005, 60.697120999999925, 60.828165000000126, 61.37955800000009, 60.94546199999991, 60.45612300000016]"
198,bun,singleton-list-push,baseline,1127764,12405404,60.74784999999997,5.3865746734245795e-05,21,,"[61.68841199999997, 60.78944100000001, 60.05854399999998, 60.55871400000001, 61.86401799999999, 61.44331699999998, 61.232283999999936, 61.53418500000021, 61.22042299999998, 61.28202699999997, 60.73505100000011, 60.77024600000004, 60.26355400000011, 60.74784999999997, 60.33840400000008, 60.59260600000016, 60.27619900000013, 59.89833700000008, 60.55892300000005, 60.52440999999999, 61.49403499999994]"
199,bun,singleton-list-push,baseline,1127764,12405404,61.98906099999999,5.496634136219989e-05,21,,"[62.053920999999946, 60.54127100000005, 62.159177, 60.57666700000004, 63.796294999999986, 61.31935599999997, 61.99337799999989, 60.14503499999978, 62.797201000000086, 62.234913000000006, 62.022972999999865, 60.34791199999995, 62.16880500000002, 60.93921999999998, 61.98906099999999, 60.45951799999989, 61.89219000000003, 60.62082899999996, 62.57066099999997, 60.29390200000012, 62.67199900000014]"
200,bun,singleton-list-push,candidate,1127764,12405404,62.03879299999994,5.501043924083402e-05,21,,"[62.32427299999995, 61.13305100000002, 62.700211999999965, 60.31441999999993, 62.902557, 60.444741999999906, 62.03879299999994, 60.46921700000007, 61.94504800000004, 60.50377100000014, 62.400705000000016, 59.94873099999995, 62.51947500000006, 60.09731600000009, 63.620299999999816, 60.29365199999984, 63.29241200000001, 62.62868800000001, 64.212129, 61.506394, 63.90370699999994]"
201,bun,singleton-list-push,baseline,1127764,12405404,62.67569900000012,5.5575190376710126e-05,21,,"[64.53741600000001, 60.182556999999974, 65.83236899999997, 60.30264, 64.5040449999999, 60.22960399999988, 64.81442400000014, 60.25053300000013, 64.42875499999991, 60.45045500000015, 64.34674200000018, 61.16561200000001, 65.4815410000001, 60.24588400000016, 65.53824600000007, 61.47478699999988, 65.83685799999989, 61.06170999999995, 62.67569900000012, 61.44237700000008, 64.66167799999994]"
202,bun,singleton-list-push,baseline,1127764,12405404,61.520703000000026,5.455104348072826e-05,21,,"[63.03258100000005, 61.40829299999996, 62.889695000000074, 61.520703000000026, 62.440861999999925, 60.14729199999988, 62.173053999999865, 60.58317099999999, 61.47639099999992, 60.39304799999991, 62.961430000000064, 61.31134399999996, 61.66166499999986, 61.36718800000017, 61.80922799999985, 60.58563499999991, 61.933680000000095, 60.75233500000013, 62.86699300000009, 61.299361999999974, 63.180917000000136]"
203,bun,singleton-list-push,candidate,1127764,12405404,62.278299999999945,5.522281257426194e-05,21,,"[63.35196499999995, 61.404215999999906, 63.61430100000007, 61.21027600000002, 64.15420500000005, 60.83622100000002, 62.8357860000001, 61.22632500000009, 63.75150400000007, 60.16459400000008, 62.64309800000001, 60.154945, 62.39087899999981, 60.85116900000003, 63.481554999999844, 60.19241499999998, 62.278299999999945, 60.28583800000001, 62.81190199999992, 61.44887999999992, 63.117880000000014]"
204,node,singleton-list-push,baseline,568895,6257845,60.603477999999996,0.00010652840682375481,21,,"[61.075014999999894, 60.95148599999993, 59.743742, 60.035372999999936, 60.45279900000003, 60.56043799999998, 60.091286999999966, 60.603477999999996, 61.961671000000024, 60.93028499999991, 60.87211699999989, 59.832545999999866, 59.96606400000019, 62.029758999999785, 60.68938900000012, 60.90137200000004, 61.84467399999994, 60.23943200000008, 61.09117500000002, 59.393250999999964, 59.28810599999997]"
205,node,singleton-list-push,baseline,568895,6257845,60.51128500000004,0.0001063663505567812,21,,"[60.55649900000003, 65.55595700000003, 59.83116200000006, 59.194537999999966, 59.66018399999996, 59.668480000000045, 59.42582800000014, 59.959059000000025, 62.243253000000095, 61.769571999999926, 60.50885999999991, 60.916187000000036, 62.424598999999944, 60.84222999999997, 60.08348000000001, 63.79140899999993, 62.316908999999896, 60.93976199999997, 60.51128500000004, 58.64924700000006, 59.4042280000001]"
206,node,singleton-list-push,baseline,568895,6257845,60.55476599999997,0.00010644278118106148,21,,"[61.660118999999895, 62.54341999999997, 60.79382999999996, 60.00509499999998, 60.2600480000001, 60.18872699999997, 60.28115700000012, 60.17550099999994, 61.408051000000114, 60.80448000000001, 60.48268200000007, 60.57736799999998, 60.49411200000009, 60.33279300000004, 60.84930299999996, 60.55476599999997, 61.449358000000075, 60.59885699999995, 61.09921699999995, 58.79465600000003, 58.81486300000006]"
207,node,singleton-list-push,baseline,568895,6257845,60.29343999999992,0.00010598342400618729,21,,"[60.923801000000026, 61.12362299999995, 59.61790599999995, 62.23323400000004, 59.872577999999976, 60.29343999999992, 59.74150400000008, 60.37901899999997, 61.24622999999997, 60.45053299999995, 59.788201999999956, 59.92534599999999, 60.00467400000002, 60.28083700000002, 60.0444480000001, 60.42154800000003, 62.01682200000005, 61.16836599999988, 66.21364800000015, 58.91624200000001, 58.16382399999998]"
208,node,singleton-list-push,baseline,568895,6257845,60.08841899999993,0.00010562303940094381,21,,"[61.202839999999924, 60.67598099999998, 60.43778899999995, 59.22818099999995, 61.34619599999996, 60.609247000000096, 60.39184300000011, 59.51484299999993, 61.112000999999964, 59.67055299999993, 59.83476800000017, 59.702563000000055, 60.34966499999996, 60.08841899999993, 59.81201599999986, 59.92041700000004, 63.21540499999992, 59.97934000000009, 60.9247899999998, 58.14455399999997, 58.463657999999896]"
209,node,singleton-list-push,candidate,568895,6257845,60.31408300000021,0.00010601971013983285,21,,"[61.04924300000005, 59.51184000000001, 59.596708000000035, 59.49545899999998, 60.23837000000003, 60.57549000000017, 60.459884999999986, 60.5061810000002, 62.02135099999987, 60.600836999999956, 60.31408300000021, 60.70806700000003, 60.283526000000165, 60.32835900000009, 60.04078500000014, 60.08927399999993, 61.72643199999993, 60.15536799999995, 61.93977899999982, 59.34233500000005, 58.65606600000001]"
210,node,singleton-list-push,candidate,568895,6257845,60.23809200000005,0.00010588613364504883,21,,"[61.37565900000004, 59.62210499999992, 60.303484000000026, 61.44402000000002, 59.91044199999999, 60.23809200000005, 59.85961700000007, 60.11710700000003, 60.777653999999984, 59.63982099999998, 60.92253400000004, 59.93663199999992, 60.32718799999998, 60.19889000000012, 60.85192299999994, 60.9120640000001, 61.91604600000005, 59.96086800000012, 61.17486299999996, 59.18161999999984, 59.54364200000009]"
211,node,singleton-list-push,baseline,568895,6257845,59.91853900000001,0.00010532442542121132,21,,"[60.31138900000008, 59.32493700000009, 59.768249999999966, 59.70629500000007, 60.43888500000003, 60.59484600000019, 59.44824500000004, 60.400104000000056, 62.10822700000017, 59.53467599999999, 60.45303200000012, 61.75517100000002, 59.91853900000001, 59.837528999999904, 59.49168600000007, 59.52869499999997, 60.8482570000001, 59.943334999999934, 60.87477599999988, 58.662706999999955, 58.730892999999924]"
212,node,singleton-list-push,candidate,568895,6257845,60.679351,0.0001066617758988917,21,,"[62.06869399999994, 60.593683000000055, 60.87820099999999, 60.071162999999956, 60.16184099999998, 60.968830000000025, 60.32016499999986, 59.949296000000004, 61.335010999999895, 60.74085100000002, 59.95098700000017, 59.99569999999994, 60.31203800000003, 60.843444999999974, 61.0267859999999, 60.679351, 61.99786900000004, 61.019612999999936, 61.783231000000114, 59.254212999999936, 59.953361000000086]"
213,node,singleton-list-push,baseline,568895,6257845,60.110422999999855,0.00010566171789170207,21,,"[60.51953400000002, 59.993676999999934, 60.66658600000005, 59.71818500000006, 59.73453500000005, 59.996692000000166, 60.5817790000001, 60.82684399999994, 61.28576700000008, 60.06225399999994, 59.73582800000008, 59.89720699999998, 60.110422999999855, 60.838351999999986, 60.05200500000001, 61.87609599999996, 60.89082300000018, 60.394180000000006, 60.628416000000016, 58.196597999999994, 58.495644000000084]"
214,node,singleton-list-push,baseline,568895,6257845,60.52267900000015,0.00010638637885725864,21,,"[62.09111200000007, 60.45319100000006, 60.76052100000004, 59.41453999999999, 59.609382000000096, 61.95664399999987, 59.83970099999988, 60.88548300000002, 61.711727999999994, 60.759759999999915, 59.83588399999985, 60.52267900000015, 60.79076699999996, 61.315440999999964, 60.086860000000115, 60.070338999999876, 61.43913099999986, 60.0672239999999, 60.97329600000012, 58.164408000000094, 58.57160799999997]"
215,node,singleton-list-push,candidate,568895,6257845,59.95511499999998,0.00010538871848056316,21,,"[60.87221900000009, 59.72530799999993, 59.706874000000084, 59.81850099999997, 59.90610400000014, 59.86510699999985, 59.680605000000014, 60.19740499999989, 61.0393489999999, 59.946660000000065, 60.12836600000014, 60.40584199999989, 60.196734000000106, 60.00393500000018, 59.95511499999998, 60.192686000000094, 61.64818000000014, 59.74223899999993, 61.09504199999992, 59.148716999999806, 59.549011000000064]"
216,node,singleton-list-push,baseline,568895,6257845,60.032710000000066,0.00010552511447630946,21,,"[61.43900199999996, 59.72781300000008, 60.15551800000003, 60.032710000000066, 59.81897300000003, 60.42303600000014, 60.427764000000025, 60.49097199999983, 60.85938599999986, 61.23060499999997, 59.82155799999987, 59.47958199999994, 59.79056000000014, 59.54337099999998, 59.64917700000001, 59.55921000000012, 60.801469, 60.094434999999976, 60.49969699999997, 58.12610900000004, 58.315099000000146]"
217,node,singleton-list-push,baseline,568895,6257845,59.92065200000002,0.000105328139639125,21,,"[63.97888999999998, 60.44300200000009, 59.70597399999997, 59.246309, 59.50606200000004, 59.574959000000035, 59.56273800000008, 60.024535000000014, 60.976674, 59.5890159999999, 60.53208700000005, 59.83554400000003, 59.7900189999998, 59.92065200000002, 59.9991379999999, 59.83612500000004, 61.41727199999991, 60.15467699999999, 60.78607899999997, 58.218980999999985, 60.662250000000085]"
218,node,singleton-list-push,baseline,568895,6257845,60.060391999999865,0.00010557377371922739,21,,"[60.497363000000064, 59.926513, 59.557887999999934, 60.64270299999998, 59.94855400000006, 60.812687000000096, 59.802896000000146, 60.14636099999984, 61.23456299999998, 60.09807099999989, 59.95425399999999, 60.38552500000014, 60.15525699999989, 60.05973000000017, 60.060391999999865, 60.02424499999984, 61.923000999999886, 59.8753479999998, 60.62444899999991, 58.020151999999825, 58.2891709999999]"
219,node,singleton-list-push,baseline,568895,6257845,60.71995700000002,0.00010673315286652198,21,,"[61.057703999999944, 63.21578299999999, 60.509637, 60.55921799999999, 60.572312999999895, 61.49788199999989, 61.379772, 60.67250799999988, 61.32654400000001, 60.41410900000005, 60.724875999999995, 60.402287000000115, 60.82558300000005, 60.71995700000002, 60.588924000000134, 61.788160999999945, 61.802417000000105, 60.718975, 63.74643900000001, 59.24982900000009, 59.20766700000013]"
220,node,singleton-list-push,candidate,568895,6257845,61.116264,0.00010742977878167324,21,,"[62.06688899999995, 60.67084599999998, 61.116264, 61.058335000000056, 61.21125899999993, 61.54945799999996, 61.60858799999983, 61.45793800000001, 62.471731999999975, 60.73316199999999, 61.20840700000008, 60.887077999999974, 60.74435300000005, 60.91759499999989, 60.99555899999996, 61.706228999999894, 61.724903999999924, 61.02748799999995, 61.166676999999936, 59.94492700000001, 58.61455599999999]"
221,node,singleton-list-push,baseline,568895,6257845,59.987076000000116,0.00010544489932237077,21,,"[61.199728999999934, 59.952241999999956, 59.67322300000001, 59.67196999999999, 59.71906700000011, 59.98700500000018, 60.08853399999998, 60.039854000000105, 62.08953100000008, 59.74821199999997, 59.83424200000013, 59.987076000000116, 59.951017999999976, 60.00691299999994, 61.27972700000009, 60.51969500000018, 61.28652999999986, 60.24157800000012, 60.55611299999987, 58.55092800000011, 58.436834999999974]"
222,node,singleton-list-push,baseline,568895,6257845,60.75286799999981,0.00010679100361226554,21,,"[63.47012600000005, 60.08993700000008, 60.452319999999986, 62.26832400000001, 60.36910499999999, 60.21671200000014, 60.38884200000007, 61.154895000000124, 62.52690400000006, 60.62327800000003, 61.4661329999999, 63.41402100000005, 61.306475999999975, 60.71713199999999, 61.248288, 61.069986999999855, 62.78474300000016, 60.68668600000001, 60.75286799999981, 60.377370000000155, 58.44193599999994]"
223,node,singleton-list-push,candidate,568895,6257845,59.9620789999999,0.00010540095975531496,21,,"[60.613298999999984, 59.61697800000002, 59.53613799999994, 59.53062799999998, 59.57868700000006, 59.738072999999986, 59.670658, 59.98617400000012, 68.21331699999996, 59.9620789999999, 59.37341500000002, 61.95868799999994, 59.88304300000004, 60.028070999999954, 60.16974499999992, 60.14084199999979, 61.01948399999992, 60.90214600000013, 60.73340200000007, 59.74128900000005, 58.78900399999998]"
224,node,singleton-list-push,baseline,568895,6257845,60.613489999999956,0.00010654600585345267,21,,"[61.10264799999993, 60.786970999999994, 59.83205799999996, 60.4340259999999, 60.45025600000008, 60.700691000000006, 60.651600000000144, 61.36789099999987, 62.45269600000006, 60.613489999999956, 60.947840999999926, 60.943862999999965, 60.10887099999991, 60.559960000000046, 60.200481999999965, 59.904752000000144, 62.6860999999999, 60.39764800000012, 60.92043999999987, 58.61925500000007, 58.418983000000026]"
225,node,singleton-list-push,baseline,568895,6257845,60.39501300000006,0.00010616196837729293,21,,"[61.009475000000066, 59.63730599999997, 61.80314899999996, 59.54898199999991, 60.0183330000001, 60.109883999999965, 59.834963000000016, 60.23757999999998, 60.7965999999999, 60.599433999999974, 60.57010800000012, 60.48637399999984, 61.093800999999985, 60.221812, 60.158172999999806, 61.05268499999988, 63.934629000000086, 60.39501300000006, 60.815324000000146, 58.89801299999999, 59.60194999999999]"
226,node,singleton-list-push,baseline,568895,6257845,59.978881,0.00010543049420367555,21,,"[60.620371999999975, 60.265128000000004, 60.12024300000007, 59.44723299999998, 59.59660999999994, 59.71902799999998, 59.96418300000005, 59.95927400000005, 61.0840340000002, 59.82437299999992, 59.47612700000013, 59.95747099999994, 69.33844699999986, 61.125249999999824, 59.978881, 60.70146199999999, 61.215086000000156, 60.04869000000008, 60.851069999999936, 58.65852800000016, 59.11330300000009]"
227,node,singleton-list-push,baseline,568895,6257845,61.31804800000009,0.0001077844734089772,21,,"[61.67192499999999, 60.75343900000007, 60.99748299999999, 62.33737199999996, 60.40386999999998, 60.15475700000002, 60.08920499999999, 61.31804800000009, 62.30977999999982, 87.99305099999992, 74.72811000000002, 61.787059, 60.169452999999976, 60.53292899999997, 60.20197300000018, 70.86898900000006, 62.38103799999999, 60.74982099999988, 62.371274000000085, 78.36949600000003, 58.74700100000018]"
228,node,singleton-list-push,baseline,568895,6257845,67.9556950000001,0.0001194520869404725,21,,"[67.54544499999997, 70.265038, 67.82842099999993, 67.28171500000008, 67.57531100000006, 67.79841499999998, 67.97251899999992, 69.34279399999991, 67.45146099999988, 67.59779200000003, 67.90934100000004, 68.0152280000002, 70.38056199999983, 68.238967, 68.21309499999984, 68.00696300000004, 67.83053399999994, 69.84683999999993, 68.64069999999992, 66.93593400000009, 67.9556950000001]"
229,node,singleton-list-push,candidate,568895,6257845,61.24378899999999,0.00010765394141273872,21,,"[63.825514999999996, 61.24378899999999, 60.36362399999996, 62.39821400000005, 61.496628999999984, 61.134825999999975, 61.19608100000005, 61.837031000000025, 63.50464899999997, 62.35873000000015, 61.155394000000115, 62.68756099999996, 61.124477999999954, 60.631752000000006, 60.68500099999983, 61.087579000000005, 64.04171599999995, 60.683268, 61.62466600000016, 61.47875500000009, 60.81626400000005]"
230,node,singleton-list-push,candidate,568895,6257845,61.33934700000009,0.0001078219126552353,21,,"[61.55862400000001, 61.52676399999996, 61.28560700000003, 60.77878499999997, 60.43612899999994, 60.68356799999992, 60.82696399999986, 61.02394000000004, 61.65432200000009, 61.39933799999994, 61.33934700000009, 62.36066400000004, 60.98017899999991, 62.550336000000016, 61.14514599999984, 61.33947699999999, 62.84229800000003, 61.612503999999944, 61.97281300000009, 59.37101000000007, 59.61262799999986]"
231,node,singleton-list-push,baseline,568895,6257845,59.88713900000016,0.0001052692307016236,21,,"[60.95778800000005, 59.70830699999999, 60.379193999999984, 59.57976800000006, 59.53011600000002, 59.94512799999984, 59.55480199999988, 59.65775400000007, 61.06430599999999, 59.59815300000014, 60.4851000000001, 59.88713900000016, 59.844089999999824, 59.61929200000009, 60.30760099999998, 60.44554700000003, 61.62377599999991, 60.04331900000011, 60.93164999999999, 58.30127300000004, 58.43844799999988]"
232,node,singleton-list-push,baseline,568895,6257845,60.06956799999989,0.00010558990323346116,21,,"[60.49928699999998, 59.49715500000002, 59.524505999999974, 59.70396000000005, 59.32260100000008, 59.80351500000006, 60.05784700000004, 61.32900799999993, 60.8263750000001, 64.948171, 59.857233999999835, 60.176738000000114, 60.921740999999884, 60.158984000000146, 59.99784499999987, 60.52375200000006, 61.093661999999995, 60.06956799999989, 60.84383700000012, 59.01162399999998, 58.39145100000019]"
233,node,singleton-list-push,baseline,568895,6257845,60.92642999999998,0.00010709608978809794,21,,"[61.520032000000015, 60.69644299999993, 61.10097399999995, 60.92410600000005, 61.066930999999954, 60.60802899999999, 60.30960500000015, 60.8179889999999, 61.815321999999924, 60.508584000000155, 60.75696500000004, 60.855508999999984, 61.125639999999976, 60.92642999999998, 61.055380000000014, 63.43173499999989, 62.68364500000007, 61.482132999999976, 62.544545999999855, 60.42860900000005, 60.05699200000004]"
234,node,singleton-list-push,baseline,568895,6257845,60.22855399999992,0.00010586936780952534,21,,"[60.388040000000046, 59.578035, 59.80965600000002, 59.545484999999985, 60.22855399999992, 59.49461999999994, 59.725549, 59.641402999999855, 60.8554180000001, 59.60050700000011, 60.21167300000002, 62.82393499999989, 60.90572099999986, 60.34911799999986, 60.321627000000035, 61.100022999999965, 61.43342299999995, 60.794354999999996, 61.08092799999986, 59.16383599999995, 59.13465199999996]"
235,node,singleton-list-push,baseline,568895,6257845,60.22508700000003,0.00010586327353905383,21,,"[60.785578999999984, 60.22508700000003, 59.809214999999995, 60.28959700000007, 59.78834600000005, 60.51710000000003, 60.02543700000001, 60.66879200000017, 61.53792599999997, 62.022226000000046, 60.337185999999974, 60.13453900000013, 60.14947699999993, 59.792895000000044, 60.11823900000013, 60.54194699999994, 61.01945300000011, 60.040093999999954, 60.97871699999996, 58.21065599999997, 58.1271999999999]"
236,bun,singleton-tied-enqueue,baseline,245987,2705857,59.94742200000019,0.0002437015858561639,21,,"[60.104202999999984, 61.479296999999974, 59.52319299999999, 59.925121000000104, 59.59780199999989, 60.111996999999974, 59.94742200000019, 60.71426599999995, 59.374998000000005, 60.027379999999994, 58.44564199999991, 59.83346000000006, 60.92608899999982, 61.20648099999994, 58.39341499999978, 60.16834199999994, 60.3920270000001, 59.39164000000005, 60.009105999999974, 59.491183999999976, 59.66047800000001]"
237,bun,singleton-tied-enqueue,baseline,245987,2705857,62.724470999999994,0.0002549909995243651,21,,"[62.28819999999996, 63.44724299999996, 63.121027000000026, 62.54251199999999, 62.99193700000001, 61.60767600000008, 62.724470999999994, 63.69568400000003, 62.542323000000124, 63.127132000000074, 61.831891999999925, 62.52210500000001, 62.506995999999845, 63.90947200000005, 62.327984000000015, 62.96508699999981, 63.53358299999991, 63.03192100000001, 64.87264000000005, 62.61778299999992, 62.723569000000225]"
238,bun,singleton-tied-enqueue,baseline,245987,2705857,61.24756700000012,0.00024898700744348327,21,,"[60.77928700000007, 62.64795800000002, 60.76827700000001, 63.016733000000045, 61.92946399999994, 60.25525300000004, 61.055530999999974, 62.25649200000021, 62.04477799999995, 61.040772999999945, 60.237670999999864, 61.24756700000012, 61.546052000000145, 61.296068000000105, 59.67733099999987, 61.72941300000002, 61.62673199999995, 60.99507900000003, 60.79287299999987, 61.00709100000017, 61.33905800000002]"
239,bun,singleton-tied-enqueue,baseline,245987,2705857,62.12930600000004,0.0002525715017460274,21,,"[61.62493900000004, 61.520936000000006, 61.51749899999993, 61.50525600000003, 61.747225999999955, 59.671531000000186, 61.70244300000013, 62.52559300000007, 62.29967300000021, 62.31986900000015, 59.31199199999992, 64.00565099999994, 62.71095700000001, 62.19833500000004, 59.92785600000002, 61.76658199999997, 63.26045700000009, 62.12930600000004, 62.18135200000006, 62.209323999999924, 62.691370000000234]"
240,bun,singleton-tied-enqueue,baseline,245987,2705857,61.22442500000011,0.0002488929293011424,21,,"[60.62276699999995, 61.37466399999994, 61.363744, 61.686342999999965, 61.7203659999999, 59.856784999999945, 61.50123899999994, 62.313126999999895, 60.69977999999992, 60.66911399999981, 59.50459999999998, 61.22442500000011, 61.54892799999993, 60.827968000000055, 59.615035000000034, 61.60801700000002, 61.67290100000014, 62.519221000000016, 60.78604999999993, 60.98260600000003, 60.755714000000125]"
241,bun,singleton-tied-enqueue,candidate,245987,2705857,59.38053200000013,0.0002413970331765505,21,,"[58.96209299999998, 59.06393099999991, 61.21224300000006, 58.840917000000104, 59.77624500000002, 58.84200899999996, 58.975897999999916, 59.6418450000001, 59.77469199999996, 59.38451699999996, 57.72859100000005, 58.83989599999995, 59.282456999999795, 60.66463500000009, 58.45562099999984, 58.994842999999946, 59.87740299999996, 59.71693500000015, 60.86228199999982, 59.38053200000013, 59.580461000000014]"
242,bun,singleton-tied-enqueue,candidate,245987,2705857,60.064497000000074,0.00024417752564159925,21,,"[60.287487000000056, 60.388442000000055, 60.1077600000001, 59.179014999999936, 62.48255800000004, 58.943504000000075, 59.75240699999995, 61.20374300000003, 60.79955300000006, 59.299265000000105, 58.11873199999991, 60.03595399999995, 60.98621000000003, 59.2632880000001, 58.833430000000135, 59.764339000000064, 60.15279999999984, 60.626219999999876, 60.064497000000074, 58.98440000000005, 60.98033899999996]"
243,bun,singleton-tied-enqueue,baseline,245987,2705857,60.165473999999904,0.0002445880229443015,21,,"[60.63674000000003, 61.73276599999997, 60.58182799999997, 60.481602000000066, 59.94839200000001, 60.17563400000017, 59.90457000000015, 61.636708, 59.95150699999999, 61.13493900000003, 58.730448000000024, 59.95106499999997, 60.55973600000016, 59.98630200000002, 59.61778699999991, 60.165473999999904, 60.50488499999983, 59.86219099999994, 60.036173999999846, 59.71331400000008, 61.494594000000006]"
244,bun,singleton-tied-enqueue,baseline,245987,2705857,61.09180500000002,0.0002483537951192544,21,,"[60.563323999999966, 61.09180500000002, 61.07960300000002, 60.336251999999945, 61.53646200000003, 59.13026100000002, 60.84224100000006, 61.179980000000114, 60.399249000000054, 60.409177, 59.29700100000014, 61.181070999999974, 61.52423900000008, 60.59105499999987, 59.14589000000001, 61.33123999999998, 62.2277959999999, 61.14983300000017, 63.04406199999994, 61.2675119999999, 61.454129000000194]"
245,bun,singleton-tied-enqueue,baseline,245987,2705857,60.78590699999995,0.00024711024159813303,21,,"[60.308531000000016, 60.822945000000004, 61.549815999999964, 60.809250999999904, 62.91904099999999, 59.45245, 60.475490000000036, 62.00872900000013, 61.22997199999986, 61.159550999999965, 59.24080700000013, 60.41170199999988, 61.23240699999997, 60.132744, 60.01961400000005, 60.78590699999995, 61.99428200000011, 60.43251099999998, 60.19072099999994, 61.20936400000005, 60.57120799999984]"
246,bun,singleton-tied-enqueue,baseline,245987,2705857,63.68039900000008,0.00025887709106578834,21,,"[63.86764599999992, 63.38647900000001, 63.96015799999998, 64.10729500000002, 63.32225299999982, 62.02451199999996, 63.83317199999988, 64.59512700000005, 64.46163000000001, 63.7409110000001, 61.66339099999982, 63.57376999999997, 62.8936470000001, 64.31040900000016, 61.83012099999996, 63.68039900000008, 64.90471200000002, 64.70393899999999, 63.161424000000125, 62.98943499999996, 63.58113400000002]"
247,bun,singleton-tied-enqueue,baseline,245987,2705857,63.479926000000205,0.00025806211710375024,21,,"[63.056550000000016, 63.69540600000005, 63.49240899999995, 63.03994899999998, 64.69375100000002, 62.28872299999989, 63.41425400000003, 62.830670000000055, 62.820561, 64.75330699999995, 61.66059599999994, 63.64633499999991, 62.924263999999994, 64.60680400000001, 62.34999599999992, 62.85342200000014, 64.51497900000004, 64.49628400000006, 63.718810000000076, 63.479926000000205, 63.89808300000004]"
248,bun,singleton-tied-enqueue,candidate,245987,2705857,59.1496810000001,0.00024045856488351053,21,,"[59.33875300000011, 59.45117099999993, 58.66598299999998, 60.22364700000003, 58.72125600000004, 57.76788399999987, 58.64115700000002, 59.2391869999999, 58.263995999999906, 58.415437999999995, 57.442740000000185, 58.6177110000001, 59.64770700000008, 59.1496810000001, 57.07231300000012, 58.41002800000001, 60.37925599999994, 59.595780000000104, 60.9554169999999, 60.85382700000014, 59.30491000000006]"
249,bun,singleton-tied-enqueue,baseline,245987,2705857,60.277601000000004,0.0002450438478456179,21,,"[60.94695999999999, 60.943815000000086, 60.04424300000005, 60.07688399999995, 60.45481599999994, 59.198893, 60.18325200000004, 60.85776499999997, 60.09768299999996, 60.71322600000008, 58.95145300000013, 60.20125499999995, 61.034292999999934, 60.35317800000007, 59.902320000000145, 60.97442099999989, 61.12857699999995, 60.277601000000004, 60.80399200000011, 59.900223000000096, 60.04897899999992]"
250,bun,singleton-tied-enqueue,baseline,245987,2705857,60.67936000000009,0.00024667710082240153,21,,"[60.38239799999997, 61.677674000000025, 62.24732300000005, 60.66560500000003, 60.900431000000026, 59.08210299999996, 60.87010400000008, 61.26331499999992, 60.317588000000114, 59.79782299999988, 58.80549899999983, 59.777995000000146, 61.45730500000013, 60.937639999999874, 62.91204800000014, 61.447787999999946, 59.993105000000014, 60.67936000000009, 60.871857999999975, 60.358253000000104, 60.020747000000256]"
251,bun,singleton-tied-enqueue,candidate,245987,2705857,58.77829799999995,0.00023894879810721685,21,,"[59.187629000000015, 58.6810670000001, 58.766766000000075, 58.437204000000065, 60.03725799999995, 58.07083399999988, 58.50132400000007, 59.28210400000012, 58.70222699999999, 58.88870399999996, 57.257261999999855, 59.19918099999995, 59.58168099999989, 60.223764000000074, 58.47137799999996, 59.912548000000015, 58.840695000000096, 58.77829799999995, 58.547499000000016, 59.58481699999993, 58.62047600000005]"
252,bun,singleton-tied-enqueue,baseline,245987,2705857,61.10892799999999,0.00024842340448885507,21,,"[61.58492199999989, 61.30917999999997, 61.608164999999985, 61.10892799999999, 61.76428599999997, 60.630879999999934, 60.53923000000009, 61.42198899999994, 61.28376299999991, 60.64730000000009, 59.84576100000004, 60.631120999999894, 60.91346499999986, 61.20409500000005, 62.031285000000025, 60.382928999999876, 60.24227799999994, 60.22081800000001, 61.94004199999995, 61.20641899999987, 60.411000999999715]"
253,bun,singleton-tied-enqueue,baseline,245987,2705857,61.176243,0.0002486970571615573,21,,"[61.176243, 61.273544000000015, 61.78134699999998, 60.91474699999992, 62.66285499999992, 59.16789199999994, 61.106794000000036, 61.36563500000011, 62.383534000000054, 63.232516999999916, 59.45020999999997, 60.878062, 61.71244200000001, 62.70987500000001, 59.744335999999976, 61.25719700000013, 60.84272699999997, 60.93197200000009, 61.30409400000008, 60.79302499999994, 60.70607300000006]"
254,bun,singleton-tied-enqueue,baseline,245987,2705857,61.55442900000003,0.0002502344798708876,21,,"[61.55442900000003, 62.842751999999905, 61.651118, 63.42071500000009, 62.99076699999989, 60.61985300000015, 61.128807999999935, 61.56780299999991, 60.975873999999976, 61.04093499999999, 60.26591499999995, 61.79648099999986, 62.91397499999994, 60.94373500000006, 59.96721000000002, 61.36072000000013, 61.88275900000008, 60.92778499999986, 62.51053499999989, 61.12022200000001, 62.41839400000026]"
255,bun,singleton-tied-enqueue,baseline,245987,2705857,60.65782300000001,0.00024658954741510735,21,,"[58.789090999999985, 60.454746, 60.57022099999995, 61.04832899999997, 60.65584999999987, 60.002476000000115, 60.83542299999999, 61.21608000000015, 60.85738399999991, 60.37639100000001, 59.28603300000009, 60.90509300000008, 62.227088000000094, 60.26058499999999, 60.03898299999992, 60.65782300000001, 60.93213300000002, 60.16448700000001, 61.19849799999997, 61.015437999999904, 61.04928999999993]"
256,bun,singleton-tied-enqueue,baseline,245987,2705857,60.44462700000008,0.0002457228512075845,21,,"[60.730007, 60.65343500000006, 61.898368000000005, 59.798316, 60.821346999999946, 59.34002499999997, 60.490962999999965, 60.623047999999926, 59.534707000000026, 60.44462700000008, 58.40484700000002, 60.33001399999989, 61.43035899999995, 60.359849999999824, 58.262263000000075, 60.37756300000001, 61.62271600000008, 62.0959949999999, 60.60274100000015, 60.36578099999997, 60.39211000000023]"
257,bun,singleton-tied-enqueue,candidate,245987,2705857,61.434346000000005,0.0002497463117969649,21,,"[61.539981999999895, 61.87025599999993, 61.144015999999965, 60.863095000000044, 63.60440799999992, 61.218705, 61.18896999999993, 61.89857800000004, 60.92084199999999, 61.819281000000046, 60.315237000000025, 61.72046699999987, 61.82029299999999, 61.30295100000012, 60.05815900000016, 61.36118999999985, 61.76421800000003, 62.68581099999983, 63.00713699999983, 60.98401899999999, 61.434346000000005]"
258,bun,singleton-tied-enqueue,candidate,245987,2705857,58.441074999999955,0.0002375779004581541,21,,"[58.441074999999955, 58.77018599999997, 59.79809599999999, 58.24515100000008, 60.22087199999987, 57.473948000000064, 58.983642000000145, 57.709636000000046, 57.742958000000044, 57.986671000000115, 57.525703999999905, 60.87174099999993, 58.86546299999986, 58.168478999999934, 57.04703500000005, 58.24810700000012, 59.035078999999996, 58.33296399999995, 59.86784499999999, 58.833545000000186, 60.45678700000008]"
259,bun,singleton-tied-enqueue,baseline,245987,2705857,62.21146899999985,0.0002529055153321104,21,,"[62.39888799999994, 62.68617999999992, 62.640466999999944, 62.255510999999956, 62.91175999999996, 60.783447000000024, 62.00209099999984, 62.67927799999984, 61.853875000000016, 61.840729999999894, 60.518485000000055, 61.84909599999992, 61.71800299999995, 61.961906, 60.661990999999944, 61.9955379999999, 63.48975399999995, 63.43000299999994, 63.78624500000001, 62.21146899999985, 64.13635499999964]"
260,bun,singleton-tied-enqueue,candidate,245987,2705857,59.339905000000044,0.00024123187404212436,21,,"[58.85410200000001, 59.22603300000003, 59.440079999999966, 59.34008399999993, 59.963753999999994, 57.70820400000002, 58.62915399999997, 60.142806000000064, 59.74188099999992, 58.72708599999987, 59.13649700000019, 58.82984699999997, 59.42112599999996, 59.74214200000006, 58.41074800000001, 59.339905000000044, 61.184630999999854, 59.23678299999983, 59.79278599999998, 58.587367000000086, 60.747479999999996]"
261,bun,singleton-tied-enqueue,baseline,245987,2705857,64.65613399999984,0.0002628437031225221,21,,"[64.49276099999997, 65.82112900000004, 65.50129400000003, 65.71881800000006, 65.90684699999997, 63.389892000000145, 64.65480200000002, 65.87391600000001, 63.86507400000005, 64.988292, 62.80105800000001, 64.42976399999998, 65.59324500000002, 64.20472599999994, 62.556714000000056, 64.82078000000001, 64.65519299999983, 65.81647999999996, 65.04416500000002, 64.65613399999984, 64.18415700000014]"
262,bun,singleton-tied-enqueue,baseline,245987,2705857,62.80321200000003,0.0002553111018061931,21,,"[62.534873999999945, 63.664781999999946, 65.17043999999999, 63.12522000000001, 62.80321200000003, 61.9491959999998, 62.55447000000004, 62.54312899999991, 65.1640910000001, 63.42582800000014, 61.075521999999864, 62.706132000000025, 62.79517699999997, 63.076078999999936, 61.95427500000005, 63.00160000000005, 63.779887000000144, 62.731178, 63.303321000000096, 63.089604000000236, 62.73472500000025]"
263,bun,singleton-tied-enqueue,candidate,245987,2705857,58.45361100000014,0.0002376288625008644,21,,"[58.58901300000002, 61.236921999999936, 59.728200000000015, 58.01585799999998, 58.428866000000085, 61.23577999999998, 58.3125500000001, 61.55882999999994, 58.26742599999989, 59.256873999999925, 61.16412700000001, 58.45361100000014, 58.193858999999975, 58.231088, 58.09536600000001, 58.35312500000009, 58.021889999999985, 58.28109100000006, 61.16675499999997, 59.95168399999989, 59.60559199999989]"
264,bun,singleton-tied-enqueue,baseline,245987,2705857,63.09267,0.00025648782252720673,21,,"[63.37079700000004, 63.09267, 64.13548700000001, 62.91050100000007, 63.71800200000007, 61.91402999999991, 63.071380999999974, 63.505808000000115, 63.072192000000086, 62.96119599999997, 61.69059500000003, 63.35788200000002, 64.59285499999987, 62.79488500000002, 61.52699000000007, 62.99203199999988, 64.5710039999999, 62.715187000000014, 63.20864299999994, 63.64972300000022, 64.43628399999989]"
265,bun,singleton-tied-enqueue,baseline,245987,2705857,63.38394999999991,0.00025767195014370645,21,,"[63.718677999999954, 64.57466099999999, 63.90331500000002, 62.68910900000003, 64.033997, 60.998719000000165, 63.25986899999998, 63.11149299999988, 63.88348700000006, 64.01935300000014, 61.92343600000004, 63.00327200000015, 63.50382200000013, 63.56896299999994, 61.54541399999994, 63.38394999999991, 63.72358999999983, 63.46538099999998, 62.507982000000084, 63.255720999999994, 63.075476999999864]"
266,bun,singleton-tied-enqueue,baseline,245987,2705857,61.124033000000054,0.00024848481017289556,21,,"[60.78029200000003, 61.809875000000034, 60.35818799999993, 61.96261800000002, 60.70294799999988, 59.928981999999905, 62.055691000000024, 61.7270410000001, 61.37678099999994, 60.54045699999983, 60.58571099999995, 61.124033000000054, 62.91775299999995, 61.97427099999982, 61.05740700000001, 61.175657999999885, 62.16093799999999, 61.14046200000007, 60.280935, 60.88245199999983, 60.046339000000216]"
267,bun,singleton-tied-enqueue,baseline,245987,2705857,61.944414999999935,0.00025181987259489296,21,,"[61.619290999999976, 62.07538800000009, 61.62077399999998, 61.862513000000035, 65.85984899999994, 60.37898700000005, 61.67774899999995, 64.54601100000014, 61.678470999999945, 62.2817520000001, 61.11750800000004, 61.61627500000009, 62.171986999999945, 62.32016300000009, 60.65131300000007, 62.104131999999936, 63.05408599999987, 61.944414999999935, 62.23235999999997, 64.09258599999998, 61.78793399999995]"
268,node,singleton-tied-enqueue,candidate,359344,3952784,62.42489499999999,0.000173719040807694,21,,"[60.31022599999994, 60.23308199999997, 62.42489499999999, 61.68412799999999, 61.25076400000012, 64.7520579999998, 63.168276000000105, 61.15990499999998, 61.10538399999996, 61.445225000000164, 62.834364999999934, 61.49258299999997, 63.01886800000011, 62.7156759999998, 64.73090900000011, 61.55152299999986, 61.71051800000009, 65.82018199999993, 62.988562, 63.15754500000003, 62.425385000000006]"
269,node,singleton-tied-enqueue,baseline,359344,3952784,62.17414900000017,0.00017302125261587828,21,,"[63.099468, 61.69851600000004, 63.08583299999998, 65.17510400000003, 60.75228699999991, 64.555163, 62.716977999999926, 62.70868199999995, 61.5425459999999, 61.51469399999996, 63.04562800000008, 61.60708599999998, 62.85188799999992, 62.17414900000017, 60.466445999999905, 61.39975000000004, 61.65555500000005, 66.30644599999982, 64.36112200000002, 61.95090399999981, 60.587962999999945]"
270,node,singleton-tied-enqueue,baseline,359344,3952784,62.338023999999905,0.00017347729195422743,21,,"[62.79740700000002, 61.062944000000016, 62.44934000000001, 63.91500300000007, 60.84039100000007, 64.40217800000005, 62.582989, 62.338023999999905, 61.12777499999993, 61.32306799999992, 63.392953000000034, 61.5985290000001, 64.54596500000002, 61.967265, 60.79254199999991, 61.897365000000036, 61.471453999999994, 67.02558199999999, 64.76568399999996, 63.891198999999915, 60.848496999999725]"
271,node,singleton-tied-enqueue,candidate,359344,3952784,62.02049099999999,0.00017259364564317197,21,,"[60.50934600000005, 62.43268899999998, 62.41092900000001, 61.12982800000009, 60.46238899999992, 63.683373000000074, 62.93428199999994, 60.974500000000035, 61.79257000000007, 60.90501199999994, 61.65155800000002, 60.81696800000009, 62.86082499999998, 62.70797100000004, 63.50867799999992, 61.20815500000003, 61.48398699999984, 65.38194900000008, 63.433929000000035, 62.96405600000003, 62.02049099999999]"
272,node,singleton-tied-enqueue,baseline,359344,3952784,63.640903999999864,0.00017710300992920396,21,,"[64.373154, 62.60680300000001, 63.909253000000035, 65.69510000000002, 62.631939999999986, 67.06662800000004, 64.74605800000018, 65.68608300000005, 63.21532400000001, 63.218430000000126, 65.17777999999998, 63.17101200000002, 63.231794000000036, 67.17945799999984, 61.613297999999986, 63.58340700000008, 63.44827599999985, 67.38194399999998, 63.68919400000004, 63.640903999999864, 62.20885399999975]"
273,node,singleton-tied-enqueue,baseline,359344,3952784,63.43393999999989,0.00017652706042121168,21,,"[63.139802999999915, 62.400319999999965, 63.23341699999992, 64.69920000000002, 61.881155000000035, 64.57872699999984, 62.56256200000007, 63.66094399999997, 65.88292899999988, 63.48997399999985, 64.36159299999986, 62.95954800000004, 63.49718699999994, 63.23336699999982, 62.0642049999999, 64.40930200000003, 63.43393999999989, 66.96608100000003, 65.25946099999987, 63.27472499999999, 61.746054000000186]"
274,node,singleton-tied-enqueue,baseline,359344,3952784,63.036662000000206,0.00017542149583685884,21,,"[63.66465900000003, 63.16417799999999, 63.07424200000003, 64.21885800000007, 61.93127799999991, 65.85286399999995, 63.46030900000005, 64.04874500000005, 62.089729000000034, 62.603366999999935, 63.26780099999996, 61.787420999999995, 63.036662000000206, 62.76779299999998, 60.707995999999866, 62.38456999999994, 62.13983600000006, 66.14805199999978, 64.29023100000018, 62.14001700000017, 61.29603799999995]"
275,node,singleton-tied-enqueue,baseline,359344,3952784,62.216408,0.00017313885302106062,21,,"[62.216408, 60.80455499999994, 63.527123000000074, 64.02634999999998, 60.50322500000004, 64.0302979999999, 62.04795799999988, 62.50408300000004, 61.315875000000005, 61.928192999999965, 63.47068899999999, 62.15772900000002, 62.733428, 62.24757599999998, 60.06464099999994, 61.547305999999935, 62.218573000000106, 66.97516900000005, 64.71721400000001, 61.86976400000003, 60.78957800000012]"
276,node,singleton-tied-enqueue,baseline,359344,3952784,62.59411,0.00017418994055835076,21,,"[62.48231300000009, 61.07240300000001, 63.08746700000006, 64.36072200000001, 61.18438100000003, 64.46399299999985, 62.59411, 63.56528400000002, 62.09998900000005, 61.559508999999935, 63.36407999999983, 61.715537999999924, 62.85751899999991, 62.365545999999995, 61.607205999999906, 62.871024000000034, 62.75083100000006, 67.30489200000011, 64.59911499999998, 61.84103099999993, 61.452490000000125]"
277,node,singleton-tied-enqueue,baseline,359344,3952784,67.2492279999999,0.00018714442984994853,21,,"[68.4190319999999, 66.64360299999998, 67.4819809999999, 67.66691300000014, 66.60718500000007, 70.23981299999991, 66.694166, 68.33633800000007, 66.735453, 67.02981, 69.18429300000003, 67.43386099999998, 67.13809200000014, 68.42474200000015, 65.43361499999992, 67.2492279999999, 67.07909199999995, 71.61985800000002, 67.9512920000002, 66.98417500000005, 65.97035199999982]"
278,node,singleton-tied-enqueue,baseline,359344,3952784,62.56854199999998,0.00017411878868159753,21,,"[63.61047800000006, 62.25273600000003, 63.439771000000064, 64.70317799999998, 61.46334999999999, 64.34439199999997, 63.05225100000007, 62.812415999999985, 60.99333699999988, 61.906273000000056, 63.76342199999999, 61.354335999999876, 62.528489000000036, 61.912743999999975, 61.39458200000013, 62.555578000000196, 62.56854199999998, 67.38917800000013, 64.57338700000014, 63.43086500000004, 61.59762899999987]"
279,node,singleton-tied-enqueue,baseline,359344,3952784,63.84630500000003,0.0001776746098446058,21,,"[63.47338300000001, 67.52042200000005, 64.62403999999992, 65.45784000000003, 63.27944200000002, 65.69450899999993, 63.88529800000015, 64.00617300000022, 62.94355900000005, 63.84630500000003, 64.37661000000003, 65.21476800000005, 62.771518000000015, 66.7510420000001, 62.38927899999999, 62.741252999999915, 62.987260000000106, 68.25284099999999, 63.43047300000012, 63.27148800000009, 62.02580399999988]"
280,node,singleton-tied-enqueue,candidate,359344,3952784,62.099830999999995,0.0001728144368627276,21,,"[61.07806299999993, 60.99073099999998, 62.192372999999975, 61.30603699999995, 61.568895, 64.57996899999989, 61.800696000000016, 61.734553000000005, 61.30062700000008, 61.722350000000006, 63.12253099999998, 61.86728900000003, 62.52999, 62.53593100000012, 64.65919599999984, 62.099830999999995, 61.161959000000024, 65.46470199999999, 63.21541400000001, 63.42134599999986, 62.15675699999997]"
281,node,singleton-tied-enqueue,baseline,359344,3952784,62.389049000000114,0.00017361928681152353,21,,"[63.0353990000001, 61.49322399999994, 62.96746299999995, 64.70296699999994, 61.7784640000001, 64.733383, 63.012616999999864, 62.87623400000007, 61.643264000000045, 61.94234899999992, 63.58600200000001, 62.193258000000014, 63.783736999999974, 62.389049000000114, 60.61703699999998, 62.13852299999985, 61.94582500000001, 66.27947500000005, 64.33111599999984, 62.27696100000003, 61.03522399999997]"
282,node,singleton-tied-enqueue,baseline,359344,3952784,63.594979000000194,0.00017697520760051702,21,,"[63.809467999999924, 62.31190499999991, 63.68263200000001, 65.254592, 62.339607000000115, 65.76947900000005, 61.99272300000007, 63.833883000000014, 62.02507199999991, 64.81887200000006, 64.76167600000008, 62.69827299999997, 63.11706100000015, 63.317472999999836, 61.08666900000003, 64.418408, 62.83816300000012, 67.71155599999997, 63.72358699999995, 63.594979000000194, 61.246505999999954]"
283,node,singleton-tied-enqueue,candidate,359344,3952784,61.874522999999954,0.00017218743877732746,21,,"[61.235996, 60.29440699999998, 61.95639500000004, 62.236225000000104, 60.255525000000034, 63.15412900000001, 62.88455900000008, 62.19640099999992, 60.297233000000006, 60.98535100000004, 62.35939399999984, 60.768287999999984, 65.05475100000012, 61.333236999999826, 62.92766900000015, 60.307481999999936, 60.35364699999991, 64.2358999999999, 62.563733000000184, 61.874522999999954, 61.77717100000018]"
284,node,singleton-tied-enqueue,baseline,359344,3952784,62.47050100000001,0.00017384595540763172,21,,"[63.75763100000006, 62.00162899999998, 62.51836900000001, 64.48268800000005, 60.81824000000006, 64.13806799999998, 62.47050100000001, 62.625358000000006, 61.95279800000003, 62.31022299999995, 64.00973999999997, 61.42014799999993, 63.45143299999995, 62.8980140000001, 60.682578999999805, 62.1767440000001, 61.788512999999966, 66.731986, 64.39491500000008, 62.01618600000006, 61.130240000000185]"
285,node,singleton-tied-enqueue,candidate,359344,3952784,61.40258599999993,0.00017087410948840088,21,,"[60.769570000000044, 60.113531999999964, 61.44572599999992, 61.197775999999976, 59.85952999999995, 64.66172099999994, 60.82908100000009, 61.9213299999999, 61.40258599999993, 61.69588199999998, 61.92738099999997, 60.75811899999985, 60.57861600000001, 61.26569200000017, 64.51214300000015, 61.474279000000024, 60.84966899999995, 64.14601300000004, 61.65434400000004, 62.722237999999834, 61.24416199999996]"
286,node,singleton-tied-enqueue,candidate,359344,3952784,61.5336749999999,0.0001712389103477445,21,,"[60.18655699999999, 59.70739100000003, 60.703371999999945, 60.711415999999986, 59.55804400000011, 63.51322200000004, 61.81942500000014, 61.5336749999999, 59.93006400000013, 60.03939700000001, 61.47307099999989, 60.4131510000002, 62.850790999999845, 61.88676999999984, 63.893508999999995, 61.72194400000012, 61.564873000000034, 64.22917200000006, 63.07924600000001, 62.782875000000104, 60.99250899999993]"
287,node,singleton-tied-enqueue,baseline,359344,3952784,63.85490700000014,0.0001776985479095244,21,,"[63.91893500000003, 62.72316799999999, 64.094158, 65.71629400000006, 62.61644500000011, 65.49171799999999, 63.85490700000014, 65.23281599999996, 63.63790400000016, 62.881458000000066, 64.86457199999995, 62.84517099999994, 65.076186, 64.23189700000012, 62.573867000000064, 63.83252500000003, 63.52612599999998, 67.50502799999981, 65.42371099999991, 63.49325500000009, 62.282986000000164]"
288,node,singleton-tied-enqueue,baseline,359344,3952784,62.98517100000004,0.00017527820417204693,21,,"[63.797158999999965, 62.41379900000004, 63.85630000000003, 65.57395999999994, 62.51546799999994, 65.20554599999991, 62.98517100000004, 63.63905599999998, 62.34907799999996, 62.586590000000115, 63.9998149999999, 62.54178700000011, 63.788843999999926, 62.98925899999995, 60.48185999999987, 62.69957999999997, 61.67381399999999, 65.92109600000003, 64.28724999999986, 61.98586399999999, 60.759135000000015]"
289,node,singleton-tied-enqueue,baseline,359344,3952784,62.925097999999934,0.00017511103009929186,21,,"[62.790729000000056, 61.32500700000003, 62.73583800000006, 64.84984599999996, 62.51796300000001, 66.21655400000009, 63.29626799999983, 64.21364300000005, 62.283537000000024, 62.843767999999955, 64.10665400000016, 62.88733900000011, 63.09985399999982, 63.29743099999996, 61.56486199999995, 62.925097999999934, 62.7615159999998, 66.19034600000009, 64.75452800000016, 63.4490229999999, 62.0816420000001]"
290,node,singleton-tied-enqueue,baseline,359344,3952784,62.666606,0.00017439168596108465,21,,"[63.75762300000008, 61.89099399999998, 63.27388399999995, 65.30409700000007, 61.73458300000004, 65.81483700000013, 63.41921500000012, 64.13433299999997, 61.609920999999986, 61.38641599999983, 64.27309100000002, 61.69845599999985, 62.87676600000009, 62.435294999999996, 60.761645000000044, 62.25943899999993, 61.84130200000004, 66.37763399999994, 64.49135799999999, 62.666606, 61.88089599999989]"
291,node,singleton-tied-enqueue,baseline,359344,3952784,64.6741370000002,0.00017997834108820574,21,,"[64.73634199999992, 63.17457000000002, 64.54703999999992, 66.00809600000002, 64.37920899999995, 67.54676599999993, 65.23862600000007, 65.13304999999991, 62.87638599999991, 64.696508, 65.45895599999994, 62.836741000000075, 63.85787000000005, 67.95874200000003, 62.58249000000001, 63.94171600000004, 63.91989600000011, 68.61951999999997, 64.75565200000005, 64.6741370000002, 63.27539799999977]"
292,node,singleton-tied-enqueue,baseline,359344,3952784,62.44093799999996,0.00017376368605013568,21,,"[62.901643000000035, 61.11971300000005, 62.69994900000006, 64.629503, 60.949748, 64.95139100000006, 62.44093799999996, 62.88851899999986, 61.753930999999966, 61.44633900000008, 63.55778199999986, 61.35802599999988, 62.77251299999989, 62.19163400000002, 60.496356000000105, 61.856332000000066, 61.655989999999974, 66.166248, 64.21427199999994, 62.80967200000009, 61.604012999999895]"
293,node,singleton-tied-enqueue,candidate,359344,3952784,60.974283000000014,0.000169682207021684,21,,"[59.64745800000003, 59.470710000000054, 60.974283000000014, 60.02803499999993, 60.14459099999999, 63.37625500000013, 62.15784099999996, 60.91035499999998, 61.51113299999997, 61.253312999999935, 61.299760000000106, 59.90517, 62.081151999999975, 60.919051999999965, 63.34211399999981, 60.55135999999993, 60.3117450000002, 64.15179899999998, 62.55929900000001, 62.860529999999926, 60.964357000000064]"
294,node,singleton-tied-enqueue,candidate,359344,3952784,62.095208000000184,0.0001728015717529726,21,,"[60.71231799999998, 60.84525499999995, 62.23343399999999, 61.46506700000009, 61.514688999999976, 64.07338199999981, 63.489087000000154, 62.40792899999997, 60.604308000000174, 60.83898400000021, 62.095208000000184, 61.4743840000001, 62.90398099999993, 62.561194000000114, 63.827315, 60.64009400000009, 60.55186000000003, 65.07279900000003, 62.34153600000013, 61.85147499999994, 62.1387279999999]"
295,node,singleton-tied-enqueue,baseline,359344,3952784,62.708757000000105,0.00017450898581860308,21,,"[63.69241499999998, 62.24578799999995, 63.33043299999997, 64.49973499999999, 62.22355900000002, 65.85756699999979, 63.64067799999998, 63.328895999999986, 61.425162999999884, 62.4802729999999, 64.2198649999998, 61.57098399999995, 62.490072000000055, 62.278687999999875, 61.39923500000009, 62.708757000000105, 63.139168000000154, 66.738564, 65.19656899999995, 62.24514599999998, 60.99882099999991]"
296,node,singleton-tied-enqueue,baseline,359344,3952784,64.56660899999997,0.00017967910692818015,21,,"[64.42598699999996, 62.807721000000015, 65.15977999999996, 66.709339, 62.76642500000003, 66.91885899999988, 64.98899299999994, 65.21441299999992, 63.36128899999994, 63.30432399999995, 66.02315500000009, 64.40312500000005, 63.84323500000005, 67.83701499999984, 62.847855999999865, 64.39163400000007, 64.56660899999997, 68.66915999999992, 64.82496900000001, 64.68351600000005, 62.77469000000019]"
297,node,singleton-tied-enqueue,baseline,359344,3952784,63.121955999999955,0.00017565885613785107,21,,"[63.196392999999944, 62.14677400000005, 64.39734499999997, 65.586093, 61.99646400000006, 65.55040600000007, 63.604310999999825, 64.10194500000011, 62.18909200000007, 62.57505900000001, 64.69318299999986, 62.74252999999999, 64.57012500000019, 62.986904000000095, 61.65231399999993, 62.44758200000001, 62.82076600000005, 67.32125599999995, 65.0863240000001, 63.121955999999955, 61.38174200000003]"
298,node,singleton-tied-enqueue,baseline,359344,3952784,62.66123900000002,0.00017437675041186168,21,,"[63.04664600000001, 61.11108899999999, 62.829221000000075, 65.42276000000004, 62.02960600000006, 64.681693, 62.47060499999998, 62.58880399999998, 61.722085000000106, 61.50348800000006, 63.12297699999999, 61.54731000000015, 63.57862399999999, 63.143505000000005, 61.46759199999997, 62.291291999999885, 62.66123900000002, 67.24168899999995, 64.39990999999986, 62.857995000000074, 61.97342099999992]"
299,node,singleton-tied-enqueue,baseline,359344,3952784,62.44952599999988,0.00017378758515517131,21,,"[62.879073999999946, 61.37444900000003, 62.702748999999926, 64.24494100000004, 61.57447999999988, 64.74815600000011, 62.44952599999988, 63.08798200000001, 61.44881599999985, 61.74284299999999, 63.97853599999985, 61.8214089999999, 63.25427100000002, 62.225369999999884, 60.469286999999895, 61.98192700000004, 61.86656300000004, 66.44939700000009, 64.73108400000001, 63.36411500000008, 62.054962999999816]"
300,bun,singleton-map-set-number,baseline,928510,10213610,57.872081999999864,6.232790384594659e-05,21,,"[58.05962999999997, 57.77634499999999, 58.15476699999999, 57.94118800000001, 58.55779600000005, 58.01264299999991, 57.2230669999999, 59.4991950000001, 60.54008900000008, 57.46448499999997, 57.17545700000005, 56.76227999999992, 57.37629100000004, 57.47676700000011, 57.46364300000005, 57.46255099999985, 58.111327000000074, 56.733566999999994, 57.872081999999864, 59.76561000000015, 58.05774700000006]"
301,bun,singleton-map-set-number,baseline,928510,10213610,57.75106699999992,6.219757137779875e-05,21,,"[58.43913599999996, 57.84854900000005, 57.62928099999999, 57.58166199999994, 57.844983999999954, 57.482267999999976, 57.75106699999992, 57.92951900000003, 57.55982300000005, 57.90394200000014, 57.8862979999999, 56.305753000000095, 57.59048800000005, 59.67311700000005, 57.7943879999998, 57.57092200000011, 58.29051900000013, 56.74072000000001, 57.60528599999998, 58.51784199999997, 57.254032999999936]"
302,bun,singleton-map-set-number,baseline,928510,10213610,57.50384699999995,6.19313168409602e-05,21,,"[57.50384699999995, 57.174946999999975, 57.695915000000014, 57.76797799999997, 57.307812999999896, 57.343250000000126, 58.073777000000064, 58.30792100000008, 57.49648499999989, 57.325066000000106, 58.02558700000009, 56.776145999999926, 56.63432200000011, 58.6163039999999, 58.23470599999996, 57.13703600000008, 57.76879000000008, 56.838972999999896, 57.47746899999993, 58.918255000000045, 57.603575999999975]"
303,bun,singleton-map-set-number,baseline,928510,10213610,58.17544500000008,6.265462407513121e-05,21,,"[58.16821200000004, 58.277995999999916, 58.40944000000002, 58.01141099999995, 58.31959600000005, 58.67969199999993, 58.192407, 58.17544500000008, 57.991804, 58.33366000000001, 58.13004100000012, 57.177041000000145, 57.48499300000003, 59.87524600000006, 58.173110999999835, 58.08543899999995, 60.924192000000176, 57.04802100000006, 58.37869300000011, 58.17492500000003, 60.09814800000004]"
304,bun,singleton-map-set-number,candidate,928510,10213610,58.15202199999999,6.262939763707444e-05,21,,"[57.68607600000007, 57.886818999999946, 57.7051120000001, 60.09289799999999, 58.144428999999946, 57.79609100000016, 57.72066999999993, 58.43982700000015, 58.32895100000019, 57.86675200000013, 58.349709000000075, 57.90494399999989, 58.39015799999993, 60.67366600000014, 58.095755000000054, 58.37376399999994, 58.44779200000016, 58.15202199999999, 58.61573300000009, 57.91147599999999, 61.034216000000015]"
305,bun,singleton-map-set-number,baseline,928510,10213610,57.74077800000009,6.218649018319684e-05,21,,"[58.21538999999996, 58.61733699999991, 57.374348000000055, 60.47363900000005, 57.462561999999934, 57.23303499999997, 58.13469999999984, 57.69072500000016, 57.50294699999995, 57.74077800000009, 58.36840499999994, 57.39375300000006, 57.4708270000001, 58.80581700000016, 57.367474999999786, 58.02117899999985, 57.99164399999995, 57.24695100000008, 58.159926999999925, 57.331848000000036, 58.378073000000086]"
306,bun,singleton-map-set-number,baseline,928510,10213610,57.9901319999999,6.245504302592315e-05,21,,"[58.179471000000035, 58.77002100000004, 58.09324300000003, 58.205512, 58.75666100000001, 58.253835999999865, 57.466097999999874, 57.94130100000007, 57.87457699999982, 57.82440399999996, 57.36642300000017, 57.22435900000005, 57.70715600000017, 58.31156800000008, 57.721941000000015, 57.73644000000013, 60.63610700000004, 56.97893299999987, 57.9901319999999, 59.110322, 60.77356899999995]"
307,bun,singleton-map-set-number,candidate,928510,10213610,58.36420700000008,6.285791967776339e-05,21,,"[58.068265999999994, 58.54880000000003, 57.84224700000004, 57.816708999999946, 58.42040200000008, 57.78388800000016, 63.49514900000008, 58.36608000000001, 57.830605000000105, 57.673572999999806, 58.420600999999806, 56.244297999999844, 58.36420700000008, 58.956736999999976, 57.658055000000104, 62.82781900000009, 58.85755300000005, 57.26774, 57.94722200000001, 59.468417000000045, 58.4287260000001]"
308,bun,singleton-map-set-number,candidate,928510,10213610,58.27340600000002,6.276012751612802e-05,21,,"[58.281746, 58.27340600000002, 58.34559899999999, 58.08977299999992, 58.45894899999996, 58.705818000000136, 57.45400200000017, 58.74150400000008, 58.115630999999894, 58.42366399999992, 58.13768199999981, 57.294656999999916, 58.04313699999989, 59.28353100000004, 57.805585000000065, 59.962131, 60.77251000000001, 56.99807499999997, 58.13176099999987, 59.78240800000003, 57.749562000000196]"
309,bun,singleton-map-set-number,baseline,928510,10213610,58.42951500000004,6.29282560230908e-05,21,,"[58.45725600000003, 58.512519, 58.259718999999905, 59.53583900000001, 57.92521999999997, 58.40758299999993, 58.62931599999979, 58.42951500000004, 57.89854799999989, 57.901333999999906, 57.98440699999992, 56.441231000000016, 57.97345700000005, 59.66513999999984, 57.675182999999834, 60.68985399999997, 59.3321420000002, 56.50184399999989, 58.452898000000005, 59.08827900000006, 59.63469299999997]"
310,bun,singleton-map-set-number,baseline,928510,10213610,57.776580999999965,6.222504981098746e-05,21,,"[57.720186999999896, 57.75110399999994, 57.37739900000008, 58.83260599999994, 57.776580999999965, 58.2596689999998, 57.33525200000008, 57.89574300000004, 58.837543000000096, 57.691843999999946, 58.38629399999991, 56.31952500000011, 58.07589800000005, 59.297886999999946, 58.30564499999991, 58.324088000000074, 57.777513, 56.16819399999986, 57.66070599999989, 57.23987500000021, 57.28981699999986]"
311,bun,singleton-map-set-number,candidate,928510,10213610,57.57566799999995,6.200866765032143e-05,21,,"[57.451598000000104, 57.341552999999976, 57.737640000000056, 57.86390300000005, 57.891535999999974, 57.147694, 57.115954999999985, 57.55811599999993, 57.3252030000001, 57.975259999999935, 57.85129099999995, 56.06324900000004, 57.446889000000056, 57.57566799999995, 57.60529299999985, 57.358795999999984, 59.168177000000014, 56.86483799999996, 62.059768000000076, 57.69249499999978, 58.24481100000003]"
312,bun,singleton-map-set-number,baseline,928510,10213610,57.66768200000001,6.210776620607211e-05,21,,"[57.431962999999996, 57.60525500000006, 58.03495299999997, 57.49032199999999, 57.647694, 58.24209900000005, 57.562687000000096, 58.38362099999995, 58.37337200000002, 59.852449000000206, 57.66768200000001, 57.283248000000185, 57.701053, 58.86735999999996, 57.4788309999999, 58.73369099999991, 57.885986999999886, 56.540445999999974, 62.21231399999988, 57.5669240000002, 57.395917000000054]"
313,bun,singleton-map-set-number,baseline,928510,10213610,57.7752210000001,6.222358509870664e-05,21,,"[58.70786300000009, 57.41004299999997, 57.38994600000001, 57.391688000000045, 57.65762199999995, 57.398791999999844, 60.55116700000008, 57.7752210000001, 58.2014630000001, 57.67422399999987, 61.008026999999856, 57.09170700000004, 57.82325100000003, 59.374420999999984, 57.2545540000001, 57.30648999999994, 60.360382999999956, 56.19183900000007, 58.05714499999999, 58.78580800000009, 58.63959699999987]"
314,bun,singleton-map-set-number,baseline,928510,10213610,58.08565799999997,6.255792398574056e-05,21,,"[57.33321000000001, 57.606086000000005, 57.60247000000004, 59.62212199999999, 58.317108000000076, 57.62629700000002, 59.74312699999996, 58.219877, 58.01257899999996, 58.86480499999993, 57.343628999999964, 57.04787999999985, 58.08565799999997, 59.748576000000185, 56.455592000000024, 57.88703799999985, 59.368880999999874, 57.232532999999876, 58.23533599999996, 60.11026900000002, 60.19114999999988]"
315,bun,singleton-map-set-number,baseline,928510,10213610,57.91479000000004,6.237390011954641e-05,21,,"[57.870678, 59.08289000000002, 57.21130400000004, 57.24374399999999, 57.63162399999999, 57.56020199999989, 60.41365300000007, 57.43028000000004, 57.387490999999955, 58.06945699999983, 58.051705000000084, 57.47687700000006, 58.37749999999983, 59.11013100000014, 57.91479000000004, 58.26748599999996, 58.07403599999998, 56.66357600000015, 58.1491860000001, 59.31435299999998, 57.318882999999914]"
316,bun,singleton-map-set-number,baseline,928510,10213610,57.8717009999998,6.232749351110899e-05,21,,"[57.68976199999997, 57.50903699999992, 58.0343630000001, 58.23547700000006, 58.125771999999984, 57.59792200000004, 57.53488500000003, 58.38548500000002, 60.0637099999999, 60.45160400000009, 57.52388399999995, 56.587264000000005, 57.96472399999993, 60.12946500000021, 57.8717009999998, 57.72094099999981, 58.2680170000001, 57.344380999999885, 57.680716000000075, 58.733521999999994, 57.38641899999993]"
317,bun,singleton-map-set-number,candidate,928510,10213610,58.1976360000001,6.267852365618044e-05,21,,"[57.340854000000036, 58.34770500000002, 58.370596999999975, 58.132615999999985, 57.66465599999992, 58.1889299999998, 58.16868199999999, 58.64909499999999, 60.57352300000002, 58.379414, 57.78791500000011, 56.01415999999995, 58.1976360000001, 59.84138999999982, 58.698065999999926, 57.58599000000004, 58.616254000000026, 56.257400999999845, 58.087281000000075, 58.354778000000124, 58.26490100000001]"
318,bun,singleton-map-set-number,candidate,928510,10213610,57.97687700000006,6.244076746615552e-05,21,,"[58.61600299999998, 57.29931700000009, 58.16897300000005, 57.95825100000002, 58.09958300000005, 57.97687700000006, 58.06327699999997, 58.15586899999994, 58.32691599999998, 58.2296060000001, 58.3865780000001, 57.72278400000005, 57.68346099999985, 57.440589000000045, 57.513665000000174, 57.35202499999991, 57.46097799999984, 57.17053800000008, 58.71517799999992, 59.25976999999989, 57.66414499999996]"
319,bun,singleton-map-set-number,baseline,928510,10213610,58.114192,6.258865494178846e-05,21,,"[57.274080000000026, 58.75859200000002, 58.104243, 57.50528100000008, 58.237499999999955, 57.668499999999995, 58.554071999999906, 60.55733000000009, 58.37888300000009, 58.872319999999945, 58.100455999999895, 57.124233000000004, 58.114192, 58.23174999999992, 57.94953499999997, 61.06664599999999, 60.04226900000003, 56.870091, 58.638144999999895, 57.94846400000006, 57.84230600000001]"
320,bun,singleton-map-set-number,baseline,928510,10213610,58.732238999999936,6.325428805290189e-05,21,,"[58.10876099999996, 59.02007500000002, 58.92307399999993, 58.169354, 59.02926100000013, 58.546044000000165, 58.26276699999994, 61.194023000000016, 58.63463899999988, 60.68498700000009, 58.08073000000013, 56.79298799999992, 58.57923600000004, 60.43799899999999, 61.6718800000001, 58.91005000000018, 59.05508899999995, 56.594237999999905, 58.732238999999936, 59.73923999999988, 58.24199900000008]"
321,bun,singleton-map-set-number,baseline,928510,10213610,58.07610099999988,6.25476311509837e-05,21,,"[57.54629699999998, 57.33541500000001, 58.35251000000005, 57.955196, 58.21685300000013, 58.08013899999992, 57.82388199999991, 58.22477700000013, 58.17002500000012, 58.07610099999988, 60.10276500000009, 57.95115899999996, 58.38144800000009, 60.524959999999965, 57.854098999999906, 57.77937999999995, 57.5605230000001, 56.45419900000002, 58.143256000000065, 59.42253200000005, 57.543742000000066]"
322,bun,singleton-map-set-number,baseline,928510,10213610,57.56462099999999,6.199677009402159e-05,21,,"[57.47399200000007, 57.50856600000009, 57.26009499999998, 59.067092, 57.88767100000007, 58.41265599999997, 57.35894899999994, 57.466138, 59.32778600000006, 60.11785299999997, 57.56462099999999, 56.26574800000003, 57.948594000000185, 59.34777200000008, 57.36125300000003, 57.462240000000065, 58.28896600000007, 57.12976299999991, 57.75411200000008, 58.457047999999986, 57.469543999999814]"
323,bun,singleton-map-set-number,baseline,928510,10213610,60.08084500000018,6.470672906053804e-05,21,,"[60.04579899999999, 60.866904999999974, 62.8877389999999, 60.59998900000005, 59.7917470000001, 59.75217399999997, 60.114728000000014, 60.761559000000034, 60.52577300000007, 60.021424000000025, 60.039386999999806, 59.32165500000019, 60.08084500000018, 61.72127899999987, 59.70224099999996, 59.706678999999895, 59.66536199999996, 60.87704399999984, 60.24917800000003, 61.272759999999835, 59.877247000000125]"
324,bun,singleton-map-set-number,baseline,928510,10213610,57.6769690000001,6.211776825236141e-05,21,,"[57.90009399999997, 57.82013499999994, 57.170248000000015, 57.33783299999993, 57.77698399999997, 58.24516499999993, 57.370058999999856, 61.251685999999836, 57.814314000000195, 57.60914300000013, 57.6769690000001, 56.637617999999975, 57.85828900000001, 59.1164540000002, 57.139049000000114, 57.08827599999995, 57.150251000000026, 56.51786599999991, 57.25748999999996, 59.716658999999936, 57.858416000000034]"
325,bun,singleton-map-set-number,baseline,928510,10213610,57.94551799999999,6.240699400114161e-05,21,,"[58.470572999999945, 57.73859300000004, 57.50055199999997, 59.501979000000006, 58.30276200000003, 57.64995899999997, 58.00654099999997, 58.577811999999994, 57.46037700000011, 57.48856999999998, 58.499565000000075, 57.25271099999986, 58.58780999999999, 57.953663000000006, 57.285662, 59.33052100000009, 57.50578099999984, 56.847978999999896, 57.94551799999999, 59.20926599999984, 57.54846999999995]"
326,bun,singleton-map-set-number,baseline,928510,10213610,57.28236700000002,6.169278413802761e-05,21,,"[56.941102, 59.219555000000014, 56.915092999999956, 57.211274, 58.143655999999964, 56.989971999999966, 57.297513999999865, 57.177750999999944, 56.987487999999985, 56.96078800000009, 57.49352799999997, 55.88530400000013, 57.34267799999998, 57.28236700000002, 59.38156600000002, 56.99894900000004, 57.760794999999916, 57.551205999999866, 57.749413000000004, 58.94040599999994, 57.09046999999987]"
327,bun,singleton-map-set-number,baseline,928510,10213610,57.78173300000003,6.223059848574601e-05,21,,"[57.74770000000001, 60.43708700000002, 57.78173300000003, 60.20323300000007, 57.75742799999989, 57.14743599999997, 57.569990999999845, 57.06752600000004, 57.83723699999996, 59.57289100000003, 58.02268099999992, 57.25464499999998, 57.73873400000002, 59.078522999999905, 56.86173400000007, 62.732410999999956, 59.65249099999983, 57.52663000000007, 57.526800000000094, 59.03947999999991, 58.222622]"
328,bun,singleton-map-set-number,baseline,928510,10213610,57.92810500000007,6.23882402989737e-05,21,,"[58.064498999999955, 58.31822, 60.62138899999991, 57.92810500000007, 58.165606000000025, 57.88114900000005, 57.583074000000124, 58.635039000000006, 57.36813200000006, 57.295471000000134, 58.09634899999992, 58.309213, 57.872272000000066, 60.01933000000008, 57.55202699999995, 57.58677199999988, 57.468973000000005, 56.022294999999986, 58.96072400000003, 59.97594900000013, 57.33282899999995]"
329,bun,singleton-map-set-number,candidate,928510,10213610,57.32460500000002,6.173827422429485e-05,21,,"[57.60441500000002, 57.43968800000005, 56.93300700000009, 57.923366999999985, 57.28020199999992, 57.12772899999982, 57.47368099999994, 57.478169999999864, 57.20259800000008, 55.99810000000002, 57.11431400000015, 57.28619400000002, 57.583425000000034, 59.267995000000155, 57.21476000000007, 57.38902299999995, 57.260946000000104, 57.21796599999993, 57.72888499999999, 59.064937999999984, 57.32460500000002]"
330,bun,singleton-map-set-number,candidate,928510,10213610,57.37347599999987,6.179090801391463e-05,21,,"[57.696023999999966, 57.34800800000005, 57.17829199999994, 57.14199499999995, 57.37347599999987, 57.45606900000007, 57.196236, 57.368696, 57.15491999999995, 57.07171499999981, 56.911056000000144, 56.76332200000002, 57.430180000000064, 59.39895799999999, 57.91820699999994, 57.487677000000076, 57.535165000000006, 57.40137699999991, 57.803012999999964, 58.592079999999896, 57.36104299999988]"
331,bun,singleton-map-set-number,baseline,928510,10213610,58.258498000000145,6.274407168474238e-05,21,,"[58.54273699999999, 58.56968699999993, 60.69222000000002, 59.751011999999946, 57.95702899999992, 58.40739499999995, 58.40332699999999, 58.536436000000094, 58.187816999999995, 58.14055899999994, 58.42007199999989, 57.47846900000013, 58.045663000000104, 59.80860800000005, 58.776551000000154, 57.70462999999995, 57.81063700000004, 57.319064000000026, 58.212532999999894, 58.258498000000145, 57.5795270000001]"
332,node,singleton-map-set-number,candidate,486202,5348222,60.93345799999997,0.00012532539561745936,21,,"[60.06175900000005, 62.67867000000001, 61.329763999999955, 59.992299, 63.64873200000011, 60.05566799999997, 60.537282000000005, 60.18253299999992, 60.323676000000205, 63.119719999999916, 61.700983999999835, 60.663275999999996, 63.077371000000085, 60.79634400000009, 60.628079999999954, 60.93345799999997, 61.25123800000006, 62.916833, 62.12659499999995, 60.62050699999986, 64.60227399999985]"
333,node,singleton-map-set-number,baseline,486202,5348222,60.851916000000074,0.0001251576834319893,21,,"[60.10171300000002, 62.19704499999989, 61.42238599999996, 60.15968099999998, 63.34232999999995, 60.05268199999978, 60.62652800000001, 60.394236999999976, 60.21325999999999, 62.41248500000006, 62.35551999999984, 60.851916000000074, 63.36337300000014, 60.806691999999885, 69.07653600000003, 60.77119599999992, 60.573961000000054, 62.562535000000025, 62.123108, 60.59808500000008, 64.05837300000007]"
334,node,singleton-map-set-number,baseline,486202,5348222,61.73479699999996,0.00012697355625850975,21,,"[60.33106899999996, 62.03970300000003, 61.73479699999996, 60.194646000000034, 63.60441999999989, 61.0797799999998, 61.34353999999985, 61.66115999999988, 61.28496099999984, 62.58501699999988, 62.00122199999987, 60.60092000000009, 63.38705600000003, 61.06730700000003, 60.826028999999835, 61.66402500000004, 62.067735000000084, 63.52884899999981, 62.64974600000005, 61.83017399999994, 63.873600000000124]"
335,node,singleton-map-set-number,candidate,486202,5348222,64.76058899999998,0.00013319687907495235,21,,"[65.30128200000001, 65.82486599999993, 64.72352000000001, 63.691562999999974, 66.14392799999996, 63.94157700000005, 63.981089999999995, 64.17661300000009, 63.88177500000006, 66.09756300000004, 66.19603500000017, 65.01047300000005, 67.23461399999997, 64.15428199999997, 63.98675000000003, 64.18661100000008, 64.56218999999987, 66.43118200000004, 66.54412200000002, 64.76058899999998, 67.05773599999975]"
336,node,singleton-map-set-number,baseline,486202,5348222,61.80451600000015,0.0001271169513905746,21,,"[60.54704099999992, 62.60995199999991, 62.473760000000084, 61.80615, 63.328087000000096, 60.018178000000034, 60.29021399999988, 61.044624999999996, 61.89435300000014, 63.140439000000015, 61.80451600000015, 60.58341799999994, 63.281510000000026, 60.37754599999994, 60.43873899999994, 61.50790600000005, 60.29537299999993, 62.08912600000008, 61.95801200000005, 60.390458999999964, 63.37638700000002]"
337,node,singleton-map-set-number,baseline,486202,5348222,61.91295799999989,0.00012733999037437091,21,,"[61.14939000000004, 63.24903999999992, 62.67084599999998, 61.214521000000104, 64.26389500000005, 61.622037999999975, 61.01253499999984, 61.91295799999989, 60.868717999999944, 63.61024100000009, 62.60838999999987, 61.74970499999995, 64.48884299999986, 61.00845799999979, 61.182190999999875, 60.95832399999995, 65.555384, 63.006268999999975, 62.64083000000005, 61.25950399999988, 64.07767000000013]"
338,node,singleton-map-set-number,baseline,486202,5348222,61.80360500000006,0.0001271150776837612,21,,"[62.23052800000005, 62.422685, 61.845803000000046, 60.46174200000007, 63.42614000000003, 60.41990400000009, 60.868787999999995, 60.471289999999954, 61.06811800000014, 73.23100399999998, 62.223955999999816, 60.77899100000013, 63.35667000000012, 60.91220999999996, 60.81084099999998, 60.878746999999976, 61.17299400000002, 63.31734699999993, 63.37955299999999, 61.80360500000006, 64.05457700000011]"
339,node,singleton-map-set-number,baseline,486202,5348222,61.67199000000005,0.00012684437743982964,21,,"[61.28541300000006, 62.423407, 62.27671399999997, 61.040598000000045, 64.802366, 60.84758899999997, 61.53201000000013, 61.438688000000184, 61.453524000000016, 63.21402499999999, 62.62879799999996, 61.68710800000008, 63.822586, 61.599204999999984, 61.67199000000005, 60.65588200000002, 61.57935799999996, 64.53729399999997, 61.96569599999998, 60.669177999999874, 63.79576599999996]"
340,node,singleton-map-set-number,baseline,486202,5348222,63.97411699999998,0.0001315792962595793,21,,"[62.99876500000005, 65.76185800000007, 64.51086500000008, 63.1007340000001, 66.67439400000012, 63.08467399999995, 63.51322099999993, 63.144424999999956, 63.97411699999998, 65.77893999999992, 64.65144600000008, 63.60084400000005, 66.30933499999992, 63.49434599999995, 63.48895599999992, 64.64171699999997, 63.84823399999982, 66.056916, 65.31189300000005, 63.943739999999934, 66.40637600000036]"
341,node,singleton-map-set-number,candidate,486202,5348222,60.76237100000003,0.00012497351100982726,21,,"[59.49205100000006, 61.47821099999999, 61.45788300000004, 60.262422000000015, 62.9433929999999, 59.81150400000001, 60.107975000000124, 60.11173100000019, 59.978875000000016, 61.63807800000018, 61.54617699999994, 60.324626999999964, 63.07681099999991, 60.35844999999995, 60.116019999999935, 60.39842499999986, 60.76237100000003, 62.26360900000009, 61.92894799999999, 61.46785100000011, 64.62546700000007]"
342,node,singleton-map-set-number,candidate,486202,5348222,61.430364000000054,0.00012634741115832526,21,,"[60.78128700000002, 62.56768699999998, 61.58693400000004, 61.27283000000011, 64.21728200000007, 61.38938699999994, 61.430364000000054, 61.39734199999998, 61.144111000000066, 63.17771099999982, 62.914331000000175, 61.56401200000005, 63.921542000000045, 61.25163199999997, 60.88573199999996, 60.806904999999915, 60.63554700000009, 62.257982000000084, 62.141865999999936, 61.373717999999826, 64.2910179999999]"
343,node,singleton-map-set-number,baseline,486202,5348222,61.874418000000105,0.00012726072290940825,21,,"[61.16968900000006, 63.34198500000002, 61.85456099999999, 60.29140800000005, 63.25299899999993, 60.42797100000007, 63.90371900000014, 61.07199700000001, 61.615448000000015, 63.15218200000004, 62.11345200000005, 61.053502999999864, 64.03378999999995, 60.83259199999998, 60.833984999999984, 61.9903139999999, 61.874418000000105, 63.93033799999989, 62.86107200000015, 61.30285700000013, 64.1841800000002]"
344,node,singleton-map-set-number,baseline,486202,5348222,61.55038599999989,0.00012659426740326015,21,,"[60.24921900000004, 62.27866000000006, 61.457314, 61.133031000000074, 63.738431999999875, 60.93128300000012, 62.22415799999999, 61.55038599999989, 61.05521599999997, 62.89661799999999, 62.252792, 61.201548999999886, 63.64310499999988, 60.8368109999999, 60.886503000000175, 61.015002000000095, 61.14860999999996, 63.046325000000024, 62.47665800000004, 61.96922500000005, 64.18291799999997]"
345,node,singleton-map-set-number,baseline,486202,5348222,61.757791999999995,0.00012702085141566672,21,,"[59.98543899999993, 63.03276099999994, 61.757791999999995, 60.198925999999915, 63.292011999999886, 60.27228100000002, 60.78190900000004, 60.40778399999999, 60.39609199999995, 62.759814000000006, 62.580693999999994, 61.834385999999995, 63.91692399999988, 60.80804899999998, 61.21240999999986, 61.877846999999974, 61.20442600000001, 63.27320899999995, 62.41607700000009, 61.50536499999998, 64.75821800000017]"
346,node,singleton-map-set-number,baseline,486202,5348222,61.61859500000014,0.00012673455683028895,21,,"[59.801559, 62.35733800000003, 61.48160999999993, 60.58369300000004, 62.94327899999996, 60.17347000000018, 60.56579899999997, 61.15797999999995, 60.92158100000006, 62.07435199999986, 61.87968999999998, 61.21345300000007, 64.10076600000002, 61.722187000000076, 61.61859500000014, 61.66393900000003, 61.1196980000002, 62.88538900000003, 63.224739, 61.07420400000001, 64.67621499999996]"
347,node,singleton-map-set-number,baseline,486202,5348222,61.28328299999998,0.00012604490109049323,21,,"[59.72963600000003, 61.83547800000008, 61.87892599999998, 61.68112200000007, 63.23282400000005, 61.275247000000036, 61.14553599999999, 61.28328299999998, 61.10720500000002, 64.39677600000005, 61.32583100000011, 60.36937400000011, 62.92237699999987, 60.52181799999994, 60.469630999999936, 60.32059400000003, 60.046434999999974, 62.26807099999996, 61.733859000000166, 60.46699600000011, 63.37634100000014]"
348,node,singleton-map-set-number,baseline,486202,5348222,61.727628000000095,0.00012695881135824224,21,,"[61.274857, 63.31574699999999, 62.80338599999993, 61.714924999999994, 64.37162999999987, 61.42881299999999, 60.74533300000007, 61.3859829999999, 61.727628000000095, 63.87541699999997, 62.09866699999998, 61.04015100000015, 63.21020199999998, 61.65043400000013, 60.743850000000066, 60.90252600000008, 61.616350999999895, 64.25639500000011, 64.4690599999999, 61.81334700000002, 63.614282]"
349,node,singleton-map-set-number,baseline,486202,5348222,62.85421600000018,0.00012927593058029415,21,,"[62.04910000000007, 63.52917000000002, 62.68409900000006, 62.090987999999925, 64.71314899999993, 61.65938600000004, 61.78072099999986, 61.79972799999996, 61.94968599999993, 63.8725179999999, 63.260459999999966, 62.16366600000015, 64.34664799999996, 62.67802800000004, 63.08481400000005, 62.92888400000015, 62.85421600000018, 63.76305400000001, 64.70692699999995, 62.7762009999999, 65.66766199999984]"
350,node,singleton-map-set-number,baseline,486202,5348222,61.93055000000004,0.00012737617286642187,21,,"[61.93055000000004, 62.70325600000001, 62.88648499999999, 62.745884000000046, 63.34243300000003, 60.468564000000015, 60.919081000000006, 60.79300699999999, 60.93690399999991, 62.65660900000012, 62.29489699999999, 61.037230000000136, 63.6196480000001, 61.146733999999924, 61.49337800000012, 61.19068600000014, 61.25904199999991, 62.99240299999997, 62.699908999999934, 61.33951200000001, 63.86193800000001]"
351,node,singleton-map-set-number,baseline,486202,5348222,61.23790299999996,0.00012595156539874365,21,,"[60.12582699999996, 62.07687199999998, 61.78442800000005, 60.208391000000006, 63.005988, 60.45621099999994, 60.58582200000001, 60.342569999999796, 60.550685999999814, 62.293233999999984, 61.986303000000134, 60.71594300000015, 63.325000000000045, 60.90590599999996, 61.23790299999996, 60.98703699999987, 60.787757000000056, 62.65277200000014, 63.399558999999954, 61.65933600000017, 63.85536500000012]"
352,node,singleton-map-set-number,candidate,486202,5348222,61.72110099999986,0.00012694538689680393,21,,"[60.20089599999994, 61.956098, 61.67722900000001, 60.342029000000025, 63.205287999999996, 60.83377199999995, 61.81770000000006, 60.43646399999989, 60.87384599999996, 62.25550399999997, 61.8594079999998, 60.88270299999999, 63.18681399999991, 60.83633699999996, 60.997065999999904, 61.72110099999986, 61.99731400000019, 63.811283, 63.08263099999999, 60.76421500000015, 63.8004840000001]"
353,node,singleton-map-set-number,baseline,486202,5348222,61.317331000000195,0.0001261149295971637,21,,"[60.022065, 63.538588000000004, 61.325597000000016, 59.914255000000026, 63.53796699999998, 60.6545000000001, 61.411387000000104, 60.777488000000176, 60.60414700000001, 62.24805300000003, 62.263198999999986, 60.35302999999999, 63.128205999999864, 60.50225799999998, 60.46630099999993, 60.58970999999997, 61.317331000000195, 61.90778900000009, 61.892279000000144, 60.16514099999995, 63.397445999999945]"
354,node,singleton-map-set-number,baseline,486202,5348222,61.32979399999999,0.00012614056297588245,21,,"[61.01011099999994, 63.070438999999965, 61.57714400000009, 60.256710999999996, 63.047875999999974, 60.542401000000154, 60.49815999999987, 60.10452800000007, 60.1896569999999, 62.227833000000146, 62.54858899999999, 61.33079699999985, 63.23420299999998, 60.66928800000005, 60.80921799999987, 60.50505199999998, 60.650221999999985, 62.78035900000009, 62.62392900000009, 61.32979399999999, 63.72360200000003]"
355,node,singleton-map-set-number,candidate,486202,5348222,61.14950899999985,0.00012576976030538717,21,,"[59.75462900000002, 61.82073700000001, 61.44874900000002, 59.95122300000003, 63.65365799999995, 59.81863699999985, 60.045920000000024, 60.01681499999995, 60.771698000000015, 62.21635100000003, 61.71686399999999, 60.08826799999997, 62.87179900000001, 60.81504799999993, 60.66435799999999, 61.14950899999985, 60.60138199999983, 62.004347999999936, 62.19562300000007, 61.278618999999935, 63.417634000000135]"
356,node,singleton-map-set-number,baseline,486202,5348222,62.371069000000034,0.0001282822139769068,21,,"[60.703230000000076, 62.371069000000034, 62.29989699999999, 60.89432600000009, 63.724333000000115, 60.907228999999916, 61.16820400000006, 61.250156999999945, 62.42490899999984, 62.925518999999895, 62.674803999999995, 62.531275999999934, 63.987200999999914, 62.39953199999991, 61.618701999999985, 61.29708400000004, 61.581912999999986, 62.93398500000012, 62.56207399999994, 61.581803000000036, 65.0042510000003]"
357,node,singleton-map-set-number,candidate,486202,5348222,61.81036800000004,0.0001271289875401583,21,,"[61.34980200000007, 61.81036800000004, 62.049000999999976, 61.01822599999991, 63.714615000000094, 60.94529999999986, 61.100909999999885, 61.608813000000055, 61.24943599999983, 63.40147400000001, 62.53560500000003, 61.102272000000085, 63.784535000000005, 61.240178000000014, 61.859549000000015, 60.377205000000004, 61.375278999999864, 62.521798999999874, 62.41212500000006, 62.242831000000024, 64.77778999999987]"
358,node,singleton-map-set-number,candidate,486202,5348222,60.95788300000004,0.0001253756319389884,21,,"[59.72988299999997, 61.80396500000006, 61.32273100000009, 59.973704999999995, 65.43339800000001, 60.107132999999976, 60.47079899999994, 60.21590500000002, 60.409484999999904, 62.21742399999994, 61.937854000000016, 60.34309099999996, 63.58138799999983, 60.95788300000004, 60.67933599999992, 60.42786899999987, 60.47279200000003, 62.009166999999934, 61.942773000000216, 61.54937199999995, 64.17198500000018]"
359,node,singleton-map-set-number,baseline,486202,5348222,61.73082999999997,0.00012696539709832532,21,,"[59.838904999999954, 61.73082999999997, 62.25670600000001, 59.89613200000008, 63.917532999999935, 75.2151899999999, 62.85413600000015, 60.18281400000001, 60.12818200000015, 62.19780800000012, 61.544533999999885, 60.26797099999999, 63.180483000000095, 61.78723500000001, 60.37789600000019, 60.56643600000007, 60.64223799999991, 62.64103, 62.9657729999999, 60.5431930000002, 63.68383800000015]"
360,node,singleton-map-set-number,baseline,486202,5348222,61.14171499999998,0.0001257537299311808,21,,"[60.400728999999956, 62.773125999999934, 61.81454500000007, 60.26552700000002, 63.20624100000009, 60.44126400000005, 60.68137999999999, 60.508159000000205, 60.851446000000124, 62.95001400000001, 63.034951999999976, 61.85290699999996, 63.8191589999999, 61.14171499999998, 60.77404200000001, 60.97602699999993, 61.054492999999866, 62.777694999999994, 62.46921099999986, 60.85988199999997, 64.49244999999996]"
361,node,singleton-map-set-number,baseline,486202,5348222,61.063260000000014,0.00012559236695858925,21,,"[59.30852900000002, 61.379988000000026, 61.063260000000014, 59.44968199999994, 61.63490200000001, 61.09812399999987, 60.694974999999886, 60.36434099999997, 60.47908400000006, 63.24142600000005, 62.19196600000009, 60.77880099999993, 62.13561200000004, 60.36825799999997, 60.745048, 61.42507099999989, 60.264955999999984, 62.946417999999994, 62.045745000000124, 60.41741999999999, 62.53564399999982]"
362,node,singleton-map-set-number,baseline,486202,5348222,64.58668500000022,0.00013283920057918357,21,,"[63.425478, 66.67942299999993, 64.424534, 63.133415000000014, 66.35620300000005, 64.32193300000017, 64.70742900000005, 64.87860799999999, 63.63290299999994, 65.71461099999988, 64.83236099999999, 64.33162100000004, 66.76747599999999, 64.02479100000005, 64.46560099999988, 63.72717899999998, 64.216678, 66.80336299999999, 66.19751799999995, 64.58668500000022, 67.07496700000002]"
363,node,singleton-map-set-number,baseline,486202,5348222,61.461806000000024,0.00012641207975285998,21,,"[60.41112799999996, 62.08108100000004, 62.07619100000011, 60.37462000000005, 63.575536000000056, 60.43337899999983, 60.66963800000008, 60.612180999999964, 61.11163899999997, 62.14880600000015, 62.42703299999994, 60.84029499999997, 63.68168999999989, 61.461806000000024, 61.40945899999997, 61.64880399999993, 61.34906699999988, 62.618484999999964, 64.27865899999983, 60.98709400000007, 63.89837300000022]"
364,bun,min-improving-4096-enqueue,baseline,65,650,68.36093200000005,1.051706646153847,21,,"[71.3048819999999, 68.36093200000005, 68.13281800000016, 71.58164600000009, 68.89750900000013, 68.1900149999999, 71.45302700000002, 68.86298499999998, 68.18353300000012, 70.71130900000003, 68.55371100000002, 68.25766999999996, 71.4843679999999, 67.71651499999984, 67.21278900000016, 72.29536500000017, 67.69765999999981, 67.35927200000015, 71.19992000000002, 67.86569199999985, 67.07400099999995]"
365,bun,min-improving-4096-enqueue,baseline,65,650,69.06896799999981,1.0625995076923047,21,,"[67.25425600000005, 72.22959900000001, 69.47494199999994, 66.53517999999985, 72.79792500000008, 69.21288499999991, 66.59921899999995, 72.88256200000001, 69.06896799999981, 66.54246499999999, 73.45987500000001, 69.61034399999994, 67.69877199999996, 72.36443000000008, 69.11374100000012, 67.08005300000013, 68.4348, 66.36299100000042, 73.58861999999999, 69.04584400000022, 66.37511399999994]"
366,bun,min-improving-4096-enqueue,baseline,65,650,69.55391899999995,1.0700602923076916,21,,"[70.204747, 68.454206, 71.84153800000013, 70.44801899999993, 68.63268700000003, 72.3345539999998, 69.19366999999988, 67.47017800000003, 73.74054300000012, 69.55391899999995, 67.38540999999987, 72.50092300000006, 70.22466400000008, 68.47881200000006, 71.98120700000004, 69.22175099999981, 67.61295299999983, 68.93063400000028, 70.45970500000021, 68.30885900000021, 71.51584700000012]"
367,bun,min-improving-4096-enqueue,baseline,65,650,68.98414300000013,1.0612945076923097,21,,"[69.41996299999994, 67.2583269999999, 71.55693299999996, 69.25614899999982, 67.04006200000003, 71.44240000000013, 68.96597899999983, 66.87204900000006, 71.307319, 69.45003900000006, 67.35413500000004, 68.75535800000011, 69.03491699999995, 66.83256600000004, 71.54420000000005, 68.93061399999988, 66.86115900000004, 69.02600100000018, 68.98414300000013, 66.96101499999986, 71.6722679999998]"
368,bun,min-improving-4096-enqueue,candidate,65,650,62.64527700000008,0.9637734923076935,21,,"[61.73980500000005, 59.86398099999997, 63.05299500000001, 60.03619000000003, 64.95890600000007, 62.43548800000008, 62.64527700000008, 61.833437, 59.88169300000004, 64.46377600000005, 63.35840199999984, 62.814301000000114, 61.01322600000003, 65.41394100000002, 63.541622999999845, 63.729692000000114, 62.624229000000014, 60.81351400000017, 63.847982, 60.980774999999994, 64.77133699999968]"
369,bun,min-improving-4096-enqueue,baseline,65,650,69.17206199999987,1.0641855692307671,21,,"[69.49424999999997, 66.69590199999993, 72.22079000000008, 68.2616210000001, 65.83932099999993, 71.728251, 69.17206199999987, 66.38256100000012, 71.500178, 69.20704499999988, 66.03122700000017, 71.18393900000001, 68.09981100000005, 65.50307700000008, 70.87696000000005, 68.96250400000008, 66.8455899999999, 71.58051700000033, 69.38983700000017, 66.613519, 71.79316100000005]"
370,bun,min-improving-4096-enqueue,baseline,65,650,68.55946300000005,1.05476096923077,21,,"[65.869687, 72.10592200000008, 69.80975599999988, 66.92974600000002, 71.75339799999983, 71.47411899999997, 67.44998299999997, 72.10368799999992, 68.68742199999997, 67.13652000000002, 68.49718800000005, 67.76318500000002, 73.04380500000002, 68.68455599999993, 65.96068600000012, 72.79019600000015, 68.55946300000005, 66.05215499999986, 71.70304399999986, 68.52545000000009, 65.84773700000005]"
371,bun,min-improving-4096-enqueue,candidate,65,650,62.84652099999994,0.9668695538461529,21,,"[62.85665000000006, 62.77511800000002, 62.84652099999994, 62.27069099999994, 61.049942999999985, 65.32017700000006, 63.28900199999998, 63.28263100000004, 62.21711099999993, 63.2221790000001, 62.144154999999955, 61.077785000000176, 64.9767780000002, 63.41568799999982, 62.19995000000017, 61.15435699999989, 64.96102899999983, 64.39558800000009, 62.17640600000004, 60.90929199999982, 65.04833099999996]"
372,bun,min-improving-4096-enqueue,baseline,65,650,68.40848399999993,1.0524382153846144,21,,"[68.40848399999993, 65.34228699999994, 71.95095399999991, 69.29915499999993, 65.79969700000015, 71.14460600000007, 68.05161099999987, 65.616577, 71.30321100000015, 69.28457099999991, 66.47870899999998, 71.42110000000002, 69.09490899999992, 66.66811000000007, 71.16837099999998, 68.37159499999984, 65.31086900000014, 67.48423599999978, 65.64212399999997, 71.7759860000001, 69.21956999999975]"
373,bun,min-improving-4096-enqueue,baseline,65,650,69.46001899999987,1.068615676923075,21,,"[69.12819400000001, 66.13564399999996, 71.76015300000006, 69.08736799999997, 67.95928200000003, 72.59692399999994, 70.01838700000008, 66.9741019999999, 73.0302250000002, 69.60153200000013, 65.93880899999999, 71.48008200000004, 69.46001899999987, 66.873605, 71.53007500000012, 68.79179799999997, 65.98050599999988, 71.54290900000024, 69.67183299999988, 67.05623400000013, 72.78864299999987]"
374,bun,min-improving-4096-enqueue,baseline,65,650,68.10931099999993,1.0478355538461528,21,,"[67.99628099999995, 65.19222200000002, 71.16080899999997, 68.0073010000001, 65.32097199999998, 71.84223500000007, 69.63276099999985, 65.26345400000014, 71.381259, 69.10108300000002, 65.57410100000016, 71.34656399999994, 68.10931099999993, 65.55555699999991, 71.04239000000007, 68.37687800000003, 65.28132699999969, 70.822361, 68.02356099999997, 65.41486500000019, 71.06417899999997]"
375,bun,min-improving-4096-enqueue,baseline,65,650,69.86307899999997,1.0748165999999995,21,,"[72.827359, 69.80163499999992, 66.66010900000003, 72.30870099999993, 69.86307899999997, 67.49761400000011, 72.79108799999995, 70.62916100000007, 67.49372700000004, 72.58860199999981, 69.75036899999986, 66.46931499999982, 72.09404300000006, 69.715555, 66.16303599999992, 72.30121699999995, 70.18195999999989, 67.53531399999974, 73.15401199999997, 70.5945069999998, 67.4357799999998]"
376,bun,min-improving-4096-enqueue,baseline,65,650,69.85134700000003,1.074636107692308,21,,"[69.84744899999998, 67.02658899999994, 73.23548300000004, 69.85134700000003, 67.07905200000005, 73.99394200000006, 69.64151400000014, 67.85565599999995, 73.77988200000004, 70.50663099999997, 67.93134699999996, 72.60340600000018, 70.59997500000009, 68.08038399999987, 73.41336100000012, 70.57565, 68.11267399999997, 69.63337899999988, 68.15193700000009, 73.45291399999996, 71.01038599999993]"
377,bun,min-improving-4096-enqueue,candidate,65,650,64.66356600000017,0.994824092307695,21,,"[64.66731300000004, 63.48146099999997, 62.947959999999966, 66.94625599999995, 65.81597699999998, 64.47779100000002, 62.64105900000004, 66.78087899999991, 64.91548399999988, 62.659122000000025, 66.16415399999983, 64.66356600000017, 64.67400599999996, 63.49123800000007, 61.95246999999995, 66.10762899999986, 64.93368800000007, 63.01129700000001, 61.93061899999975, 65.43737299999975, 62.2278610000003]"
378,bun,min-improving-4096-enqueue,candidate,65,650,63.27038799999991,0.9733905846153833,21,,"[64.31944700000008, 63.64466399999992, 62.84454699999992, 61.38898300000005, 64.82954699999982, 63.570334999999886, 61.28457800000001, 66.44793100000015, 63.154432999999926, 61.09248200000002, 64.67474700000002, 62.617976, 60.29051299999992, 64.44725500000004, 63.46209399999998, 61.930369000000155, 63.27038799999991, 63.340648999999985, 62.36391400000002, 60.26791000000003, 65.23348400000032]"
379,bun,min-improving-4096-enqueue,baseline,65,650,68.59193499999992,1.0552605384615372,21,,"[68.56283999999994, 66.74083499999995, 71.03352899999993, 68.87898700000005, 66.79170999999997, 71.90506899999991, 68.50421099999994, 67.76699200000007, 71.82552799999985, 68.79661400000009, 66.81666599999994, 71.59072500000002, 68.60894599999983, 67.74910799999998, 68.08879000000002, 66.8260029999999, 71.01536600000009, 68.59193499999992, 66.74298999999974, 71.88191500000039, 68.61938500000042]"
380,bun,min-improving-4096-enqueue,candidate,65,650,64.79001099999982,0.9967693999999973,21,,"[65.73227199999997, 65.07836700000007, 63.997859999999946, 62.18863799999997, 66.61289099999999, 63.32196399999998, 65.77661399999988, 62.281120999999985, 65.23761300000001, 63.39486699999998, 67.50475500000016, 64.79001099999982, 64.06836099999987, 62.28267400000004, 66.41953799999987, 64.99018300000012, 64.6746270000001, 62.74830900000006, 65.71944799999983, 62.40580199999977, 66.52468399999998]"
381,bun,min-improving-4096-enqueue,baseline,65,650,67.88458000000003,1.0443781538461543,21,,"[65.48410100000001, 71.19341699999995, 67.88458000000003, 65.75212899999997, 67.37844999999993, 66.16280200000006, 71.35739200000012, 68.37039199999981, 65.33872100000008, 68.42118700000015, 67.89014099999986, 65.06654500000013, 72.498832, 68.7167159999999, 66.18296899999996, 67.08261000000016, 65.37371599999983, 68.54999599999974, 68.03289599999971, 65.50229500000023, 71.19665299999997]"
382,bun,min-improving-4096-enqueue,baseline,65,650,68.1067129999999,1.047795584615383,21,,"[65.77472, 71.405167, 68.1067129999999, 65.76199700000006, 70.77947800000015, 68.20358299999998, 65.87296300000003, 66.94507500000009, 65.56047200000012, 72.59306700000002, 67.94691499999999, 65.27552300000002, 72.0294600000002, 68.95444699999985, 66.32002299999999, 71.85042500000009, 69.26246000000015, 66.25435199999993, 72.0581259999999, 69.25131899999997, 66.27603199999976]"
383,bun,min-improving-4096-enqueue,candidate,65,650,61.44087999999999,0.9452443076923076,21,,"[61.60591700000009, 61.44087999999999, 60.4030919999999, 59.249608999999964, 62.55063100000007, 61.48304899999994, 60.46059799999989, 59.63246099999992, 62.44063700000015, 60.79761500000018, 59.390321000000085, 63.643302000000176, 62.36399499999993, 62.30558700000006, 61.50040899999999, 59.42703899999992, 62.82351999999992, 61.56822699999998, 61.42108299999995, 60.80059100000017, 59.58025399999997]"
384,bun,min-improving-4096-enqueue,baseline,65,650,68.85224800000015,1.059265353846156,21,,"[66.37238100000002, 72.08967199999995, 69.17111999999997, 66.55094300000019, 71.57422799999995, 67.84832299999994, 65.14473100000009, 71.27896600000008, 69.07106500000009, 66.35076100000015, 71.3243910000001, 68.76117900000008, 66.09245099999998, 71.37352199999987, 69.07591400000001, 65.98889899999995, 71.2487299999998, 68.85224800000015, 66.22776200000044, 71.39239599999974, 68.81726299999991]"
385,bun,min-improving-4096-enqueue,baseline,65,650,68.70354199999997,1.0569775692307688,21,,"[69.57708500000001, 66.92906500000004, 73.15223600000013, 68.70354199999997, 66.91744399999993, 72.53230499999995, 69.32395399999996, 67.12314600000013, 70.35053100000005, 68.41987500000005, 65.62685699999997, 72.17369900000017, 69.73470699999984, 66.84417799999983, 72.27960499999995, 69.71111400000018, 66.997793, 68.39087100000006, 68.1874829999997, 65.63629400000036, 71.8193809999998]"
386,bun,min-improving-4096-enqueue,baseline,65,650,70.09520800000018,1.0783878153846183,21,,"[70.10622799999999, 67.62990699999989, 72.7728820000001, 69.193984, 66.368023, 73.99351000000001, 70.104014, 67.82723400000009, 72.89638200000013, 70.09520800000018, 66.29686200000015, 73.19093899999984, 70.05070500000011, 67.43426400000021, 72.861537, 69.06584599999996, 66.25342099999989, 73.40487600000006, 70.2716260000002, 67.42814300000009, 73.30539199999976]"
387,bun,min-improving-4096-enqueue,baseline,65,650,68.32995800000003,1.0512301230769237,21,,"[68.83132999999998, 66.37961499999994, 71.45198799999991, 68.5524210000001, 65.95255100000008, 67.84721100000002, 65.8738649999998, 72.0015199999998, 68.32995800000003, 65.83291900000017, 72.97840099999985, 69.36836799999992, 67.26328599999988, 68.27570800000012, 67.26467899999989, 71.51957399999992, 69.54037699999981, 67.11686099999997, 72.18470000000025, 68.58832799999982, 66.64360499999975]"
388,bun,min-improving-4096-enqueue,baseline,65,650,67.621803,1.0403354307692307,21,,"[68.60210399999994, 66.10669800000005, 71.10972200000003, 68.35638799999992, 65.85274600000002, 70.7379219999998, 67.75023099999999, 64.96759199999997, 70.50531999999998, 67.4784259999999, 64.92294900000002, 68.1272120000001, 67.4175130000001, 65.11052799999993, 70.70192500000007, 67.51730800000018, 64.81444699999975, 70.60372199999983, 67.621803, 64.96590900000001, 70.76083500000004]"
389,bun,min-improving-4096-enqueue,baseline,65,650,68.07277300000032,1.0472734307692357,21,,"[67.56416200000001, 64.85727999999995, 71.11690799999997, 68.41293500000006, 66.31108099999983, 66.83285000000001, 64.78103899999996, 70.43296800000007, 67.58135099999981, 65.18641200000002, 69.94176500000003, 68.34484900000007, 66.15747600000009, 71.8353430000002, 68.78973599999995, 66.03339499999993, 70.26853200000028, 68.40306700000019, 66.1943839999999, 71.30255599999964, 68.07277300000032]"
390,bun,min-improving-4096-enqueue,baseline,65,650,68.07431599999995,1.0472971692307684,21,,"[66.72245499999997, 67.90333899999996, 65.43104599999992, 71.13776699999994, 68.07431599999995, 65.70313099999998, 71.94173100000012, 69.95730400000002, 65.59541200000012, 71.23228300000005, 68.21800300000018, 66.22634300000004, 70.97383300000001, 68.82602300000008, 65.64373100000012, 67.63330700000006, 65.51702600000021, 71.29518999999982, 68.34641199999987, 65.9069199999999, 72.07056899999998]"
391,bun,min-improving-4096-enqueue,baseline,65,650,68.90667200000007,1.0601026461538472,21,,"[69.48424599999998, 66.771526, 72.24132700000007, 69.48303299999998, 65.66037200000005, 71.22272499999985, 68.90667200000007, 65.61471699999993, 70.98182799999995, 69.2593780000002, 65.67834599999992, 71.1392800000001, 68.38299899999993, 65.93482199999994, 72.00266399999987, 68.19814599999995, 65.49199899999985, 71.23752200000035, 67.93333499999972, 65.74625199999991, 71.14776500000016]"
392,bun,min-improving-4096-enqueue,baseline,65,650,68.25568999999996,1.0500875384615378,21,,"[68.18784800000003, 65.77146900000002, 72.237841, 68.4060320000001, 65.74418800000012, 71.84042199999999, 68.30829800000015, 65.90332000000012, 70.95346199999994, 68.25568999999996, 65.91162499999996, 72.94195500000001, 68.24941799999988, 65.84888799999999, 71.59554400000002, 68.200738, 65.875628, 72.17213100000026, 68.60261400000036, 66.35949699999992, 72.24572199999966]"
393,bun,min-improving-4096-enqueue,candidate,65,650,61.55248699999993,0.9469613384615374,21,,"[60.423910999999976, 62.34691299999997, 60.28308900000002, 62.69298600000002, 60.84630500000003, 63.42475499999978, 61.62899900000002, 60.82296199999996, 59.38419900000008, 60.058933000000025, 61.557105999999976, 60.468474000000015, 62.143724999999904, 59.50856999999996, 62.39738700000021, 59.350817000000006, 63.162317999999914, 61.55248699999993, 61.70306699999992, 61.3083630000001, 61.65698100000009]"
394,bun,min-improving-4096-enqueue,candidate,65,650,61.893771000000015,0.9522118615384618,21,,"[61.16071899999997, 59.577698000000055, 62.88501299999996, 59.65659599999992, 60.806921999999986, 62.32948099999999, 63.15141700000004, 63.42811100000017, 63.16902099999993, 60.611187999999856, 64.22236700000008, 60.23911700000008, 63.37299900000016, 61.75203699999997, 61.591098999999986, 59.386523000000125, 64.15619399999991, 62.53907000000004, 61.893771000000015, 62.44269099999974, 61.256217000000106]"
395,bun,min-improving-4096-enqueue,baseline,65,650,71.99514700000009,1.1076176461538476,21,,"[71.65225999999996, 69.23107200000004, 75.14808400000015, 72.6441020000002, 69.10177099999987, 75.7218899999998, 72.92731800000001, 70.36449700000003, 74.49313699999993, 71.91151100000002, 69.3875230000001, 75.30759999999987, 72.03751499999998, 69.34405199999992, 75.52211799999986, 72.18465900000001, 69.46468699999969, 71.12539099999958, 69.46342400000003, 75.89924900000005, 71.99514700000009]"
396,node,min-improving-4096-enqueue,baseline,116,1276,73.52297599999997,0.6338187586206894,21,,"[75.61076400000002, 76.02592499999992, 73.69722899999988, 75.48306699999989, 71.66550499999994, 78.59347600000001, 75.51480399999991, 73.52297599999997, 72.2545889999999, 73.07777099999998, 77.12758200000007, 72.89482799999996, 73.60171100000025, 73.44359599999962, 72.37860999999975, 74.03293199999962, 75.27197500000011, 72.51142600000003, 72.29864000000043, 72.5680910000001, 72.35740999999962]"
397,node,min-improving-4096-enqueue,baseline,116,1276,75.66730899999993,0.6523043879310338,21,,"[77.10477900000001, 73.80306600000017, 76.94203799999991, 73.26387399999999, 75.805836, 73.68956500000013, 74.91074400000002, 76.31431100000009, 73.43614400000001, 73.9857750000001, 77.13240100000007, 74.637426, 74.19599900000003, 75.50149099999999, 74.85504999999966, 77.20506099999966, 75.9431810000001, 78.3627260000003, 75.66730899999993, 76.03792699999985, 75.87329200000022]"
398,node,min-improving-4096-enqueue,baseline,116,1276,75.91473899999983,0.6544374051724123,21,,"[74.22498900000005, 74.14888799999994, 74.86030000000005, 74.72280500000011, 75.4958509999999, 75.76538200000005, 76.65227899999991, 81.65648099999999, 75.49364700000001, 75.65488600000003, 75.91473899999983, 77.98551599999973, 78.3941850000001, 74.9814550000001, 75.6283470000003, 79.70565100000022, 76.38862900000004, 77.98665800000026, 76.92808100000002, 76.52661499999977, 76.89246599999979]"
399,node,min-improving-4096-enqueue,baseline,116,1276,79.33235799999989,0.6838996379310335,21,,"[83.0915809999999, 81.32084199999986, 78.33052700000007, 79.49464000000012, 78.60342300000002, 79.94845200000009, 79.59995499999991, 78.59799300000009, 79.47998200000006, 78.39956499999994, 79.33235799999989, 81.10946899999999, 78.20146700000032, 78.41319999999996, 78.59253399999989, 79.01139199999989, 81.31674500000008, 78.94200300000011, 79.76778699999977, 78.95172000000002, 79.64958799999977]"
400,node,min-improving-4096-enqueue,baseline,116,1276,76.57498499999974,0.6601291810344805,21,,"[77.07569600000011, 75.77551000000017, 78.58401700000013, 76.423675, 76.42291699999987, 81.17401999999993, 76.4843269999999, 76.209116, 77.14850999999999, 75.72064100000011, 75.87653799999998, 75.71480699999984, 76.30068600000004, 75.90058199999976, 76.80355000000009, 78.39721999999983, 81.42269100000021, 79.83985099999973, 76.57498499999974, 76.76920599999994, 79.13255700000036]"
401,node,min-improving-4096-enqueue,candidate,116,1276,63.330674000000045,0.5459540862068969,21,,"[63.59243100000003, 62.85148299999992, 62.660037999999986, 61.42135599999983, 63.96604400000001, 63.32315900000003, 64.11292700000013, 63.097500999999966, 62.66512700000021, 63.88040500000011, 67.08387700000003, 63.330674000000045, 63.21161200000006, 63.01870400000007, 64.68666200000007, 69.33936700000004, 63.631652999999915, 63.16219999999976, 62.16538899999978, 63.41411900000003, 69.19218299999966]"
402,node,min-improving-4096-enqueue,candidate,116,1276,67.09908399999995,0.5784403793103444,21,,"[66.94714199999987, 64.50753999999984, 66.83403199999998, 67.39928200000008, 67.17499599999996, 66.9642839999999, 65.88647200000014, 72.01270299999987, 67.68991200000005, 67.45607999999993, 66.7518500000001, 63.370228, 70.48062700000014, 67.22601000000009, 66.98825799999986, 67.08957699999974, 67.09908399999995, 67.3733129999996, 69.25465899999972, 67.30730199999971, 66.9259619999998]"
403,node,min-improving-4096-enqueue,baseline,116,1276,74.02423700000008,0.6381399741379318,21,,"[74.48517599999991, 73.95744600000012, 72.40828799999986, 74.04381599999988, 72.51853299999993, 72.69297600000004, 73.99385300000017, 77.07450699999981, 78.74530000000004, 72.38031499999988, 81.15999699999998, 74.42956300000014, 77.52745700000014, 77.80393200000026, 72.50480700000026, 72.79174000000012, 75.50919799999974, 72.80839100000003, 78.30770800000028, 73.74399600000015, 74.02423700000008]"
404,node,min-improving-4096-enqueue,baseline,116,1276,75.39437300000009,0.6499514913793111,21,,"[74.84162600000013, 75.099334, 74.971587, 75.00725299999999, 76.01801, 75.068307, 77.99475299999995, 75.35682299999985, 75.91639200000009, 77.05154300000004, 75.30193099999997, 77.26656100000014, 75.24470400000018, 79.08139200000005, 77.71901100000014, 74.95209000000023, 75.709969, 75.39437300000009, 82.10812499999975, 76.07967499999995, 74.90110600000025]"
405,node,min-improving-4096-enqueue,baseline,116,1276,74.65967799999999,0.6436179137931033,21,,"[73.55400400000008, 73.8295250000001, 73.72703500000011, 78.13921200000004, 74.59489699999995, 76.35420599999998, 75.15360499999997, 75.89019299999995, 74.00359900000012, 74.28836700000011, 76.88643500000012, 73.68456600000036, 74.14523199999985, 77.31715399999985, 75.66599700000006, 74.65967799999999, 74.39752099999987, 74.12707799999998, 77.49684800000023, 75.27396899999985, 76.17713600000025]"
406,node,min-improving-4096-enqueue,baseline,116,1276,75.54683799999975,0.6512658448275841,21,,"[73.49553199999991, 73.40984600000002, 74.20130600000016, 74.58351600000015, 75.62382899999989, 74.39735199999996, 77.58919100000003, 74.54197099999988, 75.13686600000005, 76.21951799999988, 74.93915900000002, 77.2548899999997, 74.55240099999992, 78.80077299999994, 77.03543300000001, 75.01091199999973, 76.1070279999999, 75.54683799999975, 79.21063400000003, 77.09245899999996, 76.33268799999996]"
407,node,min-improving-4096-enqueue,baseline,116,1276,79.52428700000019,0.6855541982758637,21,,"[80.06954900000005, 78.84627799999998, 77.97832500000004, 79.19030599999996, 79.46151999999984, 80.22376599999984, 78.56300999999985, 81.73643599999991, 75.99592199999984, 81.04828799999996, 78.00278999999978, 78.0255830000001, 79.48270899999989, 81.74413099999992, 81.46355900000026, 78.84477100000004, 79.52428700000019, 79.6630540000001, 82.62774200000013, 84.7112830000001, 80.11390200000005]"
408,node,min-improving-4096-enqueue,baseline,116,1276,79.62584500000003,0.6864296982758623,21,,"[80.50246400000015, 78.22274900000002, 78.91770899999983, 80.90579300000013, 78.00684699999988, 79.5435829999999, 77.89526000000001, 79.09992800000009, 81.00041899999997, 79.02274499999999, 79.24115100000017, 82.88662300000033, 84.9029889999997, 84.21000099999992, 79.62584500000003, 80.93404499999997, 79.54582600000003, 84.88154900000018, 82.56312200000002, 80.05421100000012, 79.03361499999983]"
409,node,min-improving-4096-enqueue,candidate,116,1276,68.84517599999981,0.5934928965517225,21,,"[69.51592200000005, 67.70216300000016, 68.46309599999995, 68.48101900000006, 72.31686600000012, 71.62289699999997, 68.27568799999995, 68.56298199999992, 68.17452000000003, 75.08672100000013, 68.84517599999981, 68.66041999999993, 70.10853300000008, 69.9114770000001, 78.04064900000003, 68.74382799999967, 69.19911400000001, 69.76566899999989, 69.52222400000028, 68.8212410000001, 68.2484770000001]"
410,node,min-improving-4096-enqueue,candidate,116,1276,63.374503000000004,0.5463319224137931,21,,"[68.64477399999998, 63.374503000000004, 62.86630799999989, 62.6208529999999, 63.015993999999864, 64.57626500000015, 65.39052400000014, 61.73060899999996, 61.619022000000086, 62.11422199999993, 63.63487699999996, 64.17888700000003, 62.87413300000003, 62.03452400000015, 63.136020000000144, 67.43535700000007, 63.16557499999999, 63.49925399999984, 63.40574099999958, 63.57735899999989, 66.85151200000018]"
411,node,min-improving-4096-enqueue,baseline,116,1276,74.96367200000032,0.6462385517241407,21,,"[77.21578599999998, 73.77897100000018, 75.22582899999998, 74.63977, 77.42599699999982, 77.61809400000016, 74.57045199999993, 76.06194299999993, 77.098389, 78.95517799999993, 74.50210500000003, 74.08382700000016, 74.50571200000013, 75.8475840000001, 76.73149699999976, 74.52163100000007, 74.96367200000032, 74.63995100000011, 79.88200899999993, 74.80301700000018, 74.63645300000007]"
412,node,min-improving-4096-enqueue,candidate,116,1276,62.818876000000046,0.5415420344827591,21,,"[61.57794000000001, 61.660643999999934, 64.40790900000002, 61.25330699999995, 61.787857999999915, 62.53197399999999, 62.818876000000046, 65.42053899999996, 62.67859599999997, 63.114745000000084, 62.58197599999994, 62.84216900000001, 62.637498999999934, 63.56328899999994, 62.837671, 62.807625000000144, 63.3071930000001, 64.88131800000019, 63.092173999999886, 62.56756899999982, 63.43232500000022]"
413,node,min-improving-4096-enqueue,baseline,116,1276,75.74551299999985,0.6529785603448263,21,,"[73.82367199999999, 73.90669700000012, 78.81100900000001, 75.9779739999999, 73.93479900000011, 75.85342400000013, 75.37114799999995, 79.67931199999998, 77.20252100000016, 74.09918400000015, 74.49839599999996, 77.80913699999996, 75.74551299999985, 75.56868500000019, 75.57286199999999, 75.8362619999998, 75.92200100000036, 77.32309399999986, 77.94535099999985, 74.92355599999973, 75.22077800000034]"
414,node,min-improving-4096-enqueue,baseline,116,1276,75.3906750000001,0.6499196120689664,21,,"[75.04928999999993, 73.1729029999999, 73.73412599999983, 73.60808100000008, 75.87824, 74.66734999999994, 83.05799999999999, 74.84658300000001, 75.43455599999993, 77.8824239999999, 75.1953010000002, 75.3906750000001, 75.0356270000002, 74.57733499999995, 76.56647100000009, 76.72856300000012, 75.50147200000038, 75.77648399999998, 74.99441999999999, 76.86605800000007, 76.07025900000008]"
415,node,min-improving-4096-enqueue,candidate,116,1276,62.06032899999991,0.5350028362068958,21,,"[61.494268000000034, 62.368921999999884, 61.82344799999987, 61.57775199999992, 61.698114999999916, 62.032924000000094, 62.93642999999997, 63.28848100000005, 62.27132000000006, 61.66247999999996, 62.01097700000014, 61.68171600000005, 62.94721699999991, 61.959180999999944, 62.07469500000002, 61.96964000000003, 67.19011999999975, 63.01540299999988, 62.37654599999996, 62.2343020000003, 62.06032899999991]"
416,node,min-improving-4096-enqueue,baseline,116,1276,76.95755699999972,0.663427215517239,21,,"[73.07215900000006, 84.11216100000001, 78.45516999999995, 77.452047, 75.75119599999994, 76.80255000000011, 76.0477350000001, 78.86839900000018, 75.636393, 75.83531300000004, 78.0069480000002, 75.84110400000009, 77.97597099999984, 76.15389399999958, 79.00554199999988, 78.78412200000002, 76.21088099999997, 77.46024200000011, 76.81425099999979, 76.95755699999972, 79.33049699999992]"
417,node,min-improving-4096-enqueue,baseline,116,1276,75.67166399999996,0.6523419310344825,21,,"[79.97346100000004, 73.92876000000001, 73.15046599999982, 72.62614900000017, 77.57242600000018, 78.31312300000013, 74.7064969999999, 74.33346300000017, 74.40637900000002, 74.93716600000016, 81.11131600000022, 75.32741099999976, 75.67166399999996, 75.05855100000008, 76.21139499999981, 81.96332099999972, 76.3469170000003, 74.37862700000005, 78.49994000000015, 77.126487, 78.29506000000038]"
418,node,min-improving-4096-enqueue,baseline,116,1276,74.74767400000019,0.6443765000000016,21,,"[73.43447199999991, 75.35800799999993, 73.25781299999994, 73.64618500000006, 75.15719399999989, 73.68886399999997, 73.72674399999983, 74.7893509999999, 75.65786600000001, 75.67575899999997, 74.0582609999999, 73.82946599999991, 74.0423380000002, 75.93171100000018, 73.90033799999992, 73.82033900000033, 74.74767400000019, 75.89928899999995, 75.78321499999993, 75.74011500000006, 75.44361500000014]"
419,node,min-improving-4096-enqueue,baseline,116,1276,81.50303100000019,0.7026123362068982,21,,"[80.65570700000012, 81.56589899999994, 81.37361099999998, 82.03153399999997, 80.17536599999994, 81.15530199999989, 80.92137100000014, 82.09520199999997, 84.01643200000012, 82.33946600000013, 81.47535999999991, 80.87331200000017, 81.49217200000021, 82.78770900000018, 84.61481300000014, 81.119549, 81.50303100000019, 81.41597899999988, 83.86517000000003, 82.11377900000025, 81.93230900000026]"
420,node,min-improving-4096-enqueue,baseline,116,1276,78.69558099999995,0.6784101810344823,21,,"[81.52326400000015, 78.2254069999999, 78.36800199999993, 78.11310900000012, 77.15898500000003, 78.320964, 79.98436500000003, 78.50911499999984, 78.23783000000003, 77.57834500000013, 78.99858400000016, 81.87075999999979, 80.33356400000002, 78.54804599999989, 77.64738299999999, 80.0037400000001, 80.44997999999987, 79.29337200000009, 78.93121800000017, 78.69558099999995, 79.08502500000031]"
421,node,min-improving-4096-enqueue,baseline,116,1276,75.31466,0.6492643103448276,21,,"[76.45820300000014, 74.68630200000007, 74.94368000000009, 74.47553999999991, 75.39047000000005, 74.28662899999995, 76.60485599999993, 73.40604299999995, 75.20113700000002, 76.2146909999999, 73.99940500000002, 76.52460699999983, 74.94127500000013, 78.63784299999998, 77.06573299999991, 74.3962120000001, 75.31466, 75.29332900000009, 78.92013799999995, 76.99352799999997, 75.64478899999995]"
422,node,min-improving-4096-enqueue,baseline,116,1276,73.07753300000013,0.6299787327586218,21,,"[73.74584400000003, 73.4085970000001, 72.36241300000006, 72.59186, 72.30368499999986, 72.91454999999996, 72.37010800000007, 73.07753300000013, 77.85183400000005, 72.77768100000003, 73.15704699999992, 72.61149299999988, 73.57337000000007, 74.70479299999988, 74.27570500000002, 72.75482899999997, 72.89291599999979, 73.2182899999998, 73.72304799999984, 73.45501000000013, 72.91354500000034]"
423,node,min-improving-4096-enqueue,baseline,116,1276,73.89652999999998,0.6370390517241378,21,,"[78.39162299999998, 74.82771099999991, 72.04315700000006, 72.28954399999998, 77.45334900000012, 78.17007100000001, 72.80801799999995, 72.64220999999998, 73.03591200000005, 73.36366100000009, 98.31020200000012, 76.27056200000015, 72.3051230000001, 73.32911699999977, 74.52302499999996, 75.71797500000002, 78.51653400000032, 72.83017999999993, 73.89652999999998, 75.16768199999979, 73.46524900000031]"
424,node,min-improving-4096-enqueue,candidate,116,1276,61.87279000000012,0.5333861206896562,21,,"[61.97813600000006, 61.87279000000012, 62.79415199999994, 67.32376799999997, 61.170847000000094, 60.79151200000001, 60.738964000000124, 60.863685999999916, 66.26495099999988, 62.539940000000115, 61.20515899999987, 61.0054889999999, 63.83351999999991, 62.01277099999993, 64.11662999999999, 61.75525100000027, 61.368363000000045, 61.55500000000029, 66.91507899999988, 62.1312710000002, 61.440116000000216]"
425,node,min-improving-4096-enqueue,baseline,116,1276,81.58556799999997,0.7033238620689652,21,,"[80.43935899999997, 78.29999499999985, 80.85106800000017, 81.99053100000015, 80.42483200000015, 80.75537600000007, 81.22952800000007, 87.24582499999997, 85.61434400000007, 81.60284100000013, 81.98818700000015, 79.0350599999997, 85.31889500000034, 84.75952499999994, 81.58556799999997, 81.04037599999992, 81.2505970000002, 81.49013100000002, 82.35514899999998, 81.838479, 81.81282999999985]"
426,node,min-improving-4096-enqueue,baseline,116,1276,74.72306900000012,0.6441643879310356,21,,"[74.43268000000012, 74.32337600000005, 74.08895000000007, 73.70094999999992, 75.45509900000002, 74.03761499999996, 74.000988, 74.42012599999998, 74.9127410000001, 77.27317700000003, 74.23875999999996, 74.73860800000011, 74.70033699999976, 74.04352599999993, 75.75601800000004, 75.86970900000006, 74.72306900000012, 74.9181410000001, 75.48233899999968, 76.48845900000015, 75.0873059999999]"
427,node,min-improving-4096-enqueue,candidate,116,1276,72.880987,0.6282843706896553,21,,"[72.14798500000006, 72.07088099999987, 72.56492899999989, 72.61239699999987, 73.78211099999999, 75.33617800000002, 74.39153299999998, 72.42901700000016, 72.80269099999987, 73.00438600000007, 73.62444800000003, 70.78614500000003, 73.42062899999996, 72.880987, 72.47805800000015, 74.45500099999981, 75.20478400000002, 72.5829120000003, 73.03654600000027, 72.5274800000002, 73.58665800000017]"
428,bun,min-4096-pop-256,baseline,506,5566,65.85190200000034,0.13014209881422992,21,,"[60.7151990000001, 62.744007999999894, 66.44779900000003, 66.86693700000001, 66.10825799999998, 66.16260000000011, 66.10457199999996, 61.89937899999995, 63.320229000000154, 65.78216300000008, 66.16306999999983, 65.46812900000009, 66.0993820000001, 66.31858899999997, 60.702024000000165, 63.30627200000026, 65.9252489999999, 65.85190200000034, 65.47691600000007, 66.29375299999992, 65.51804099999981]"
429,bun,min-4096-pop-256,baseline,506,5566,64.70767599999999,0.12788078260869565,21,,"[59.077605999999946, 62.909535000000005, 64.995271, 64.95166900000004, 64.87008800000012, 65.77911700000004, 60.17621699999995, 63.27555600000005, 64.87842300000011, 63.88779199999999, 64.85202400000003, 64.70767599999999, 65.5391810000001, 59.70190599999978, 62.77063700000008, 64.67821099999992, 64.89446300000009, 64.69467200000008, 65.74221799999987, 65.96410999999989, 60.330735000000004]"
430,bun,min-4096-pop-256,baseline,506,5566,64.11173799999983,0.12670303952569137,21,,"[64.37278400000002, 64.27740700000004, 58.886200000000144, 62.753105000000005, 64.72916599999985, 64.12683700000002, 64.51006899999993, 64.37047000000007, 63.755006000000094, 59.26736899999992, 62.826832000000195, 64.11173799999983, 63.96253200000001, 64.95186000000012, 64.58236299999999, 64.0063839999998, 59.241269999999986, 62.83610899999985, 64.25169700000015, 63.929639999999836, 64.12771799999973]"
431,bun,min-4096-pop-256,baseline,506,5566,64.65796300000011,0.12778253557312275,21,,"[62.76246100000003, 64.55644499999994, 63.99823700000002, 64.23508700000002, 65.43462499999987, 65.80227799999989, 59.602570000000014, 62.4363350000001, 65.13082099999997, 65.14482699999985, 64.65796300000011, 64.58634899999993, 65.08390400000008, 65.35234300000002, 59.513034999999945, 62.94763499999999, 64.65751200000022, 64.9378929999998, 65.08015599999999, 64.72801299999992, 66.80470100000002]"
432,bun,min-4096-pop-256,baseline,506,5566,65.618336,0.12968050592885375,21,,"[66.14534500000002, 66.49369300000012, 60.91425800000002, 64.4679799999999, 66.18841599999996, 65.80087700000013, 65.618336, 65.2825929999999, 66.36677699999996, 60.03205900000012, 63.85139400000003, 65.83236499999998, 65.915348, 65.84412700000007, 66.33343500000001, 66.79783799999996, 60.827216000000135, 60.876186999999845, 60.631131000000096, 60.226930000000266, 60.96755600000006]"
433,bun,min-4096-pop-256,candidate,506,5566,64.03150800000003,0.1265444822134388,21,,"[59.99683300000004, 62.107213999999885, 65.07998599999996, 65.34277500000007, 65.21923500000003, 65.05247599999984, 66.03838700000006, 58.95991700000013, 62.91366200000016, 63.906056000000035, 64.03150800000003, 63.95984599999997, 63.881669999999986, 64.4397170000002, 64.10340200000019, 58.627116000000115, 62.78138100000024, 64.83240100000012, 65.34506300000021, 64.56228899999996, 63.942589000000225]"
434,bun,min-4096-pop-256,candidate,506,5566,64.29950099999996,0.12707411264822127,21,,"[64.92793899999992, 64.72069399999987, 64.52159400000005, 64.18261399999983, 65.12880199999995, 59.611834000000044, 62.50200199999995, 63.991959999999835, 64.31598200000008, 64.426287, 63.83635100000015, 64.35922200000005, 58.97976900000003, 62.70536900000002, 64.35576600000013, 64.61429599999974, 64.25555000000031, 64.58566299999984, 64.29950099999996, 58.99569900000006, 62.81802000000016]"
435,bun,min-4096-pop-256,baseline,506,5566,65.17255299999988,0.12879951185770727,21,,"[65.47122800000011, 65.5562359999999, 65.36091299999998, 65.35508200000004, 66.32468300000005, 60.295924000000014, 64.13361299999997, 66.10912200000007, 67.52849900000001, 65.72451799999999, 65.14216699999997, 65.63171599999987, 60.45415800000001, 63.999905000000126, 65.17161100000021, 65.85586199999989, 65.17255299999988, 61.80894499999977, 60.50672600000007, 60.38363799999979, 60.26025800000025]"
436,bun,min-4096-pop-256,candidate,506,5566,65.42695500000013,0.12930228260869592,21,,"[64.40952499999992, 65.579068, 59.131440999999995, 62.91935699999999, 65.11521599999992, 65.35138600000005, 65.9181279999998, 65.45252299999993, 60.41963400000009, 63.760369999999966, 66.33822799999984, 65.42695500000013, 65.61849299999994, 65.70637299999999, 66.05508700000019, 60.54339600000003, 63.512564999999995, 65.64550199999985, 65.24627700000019, 65.71540899999991, 65.45479599999999]"
437,bun,min-4096-pop-256,baseline,506,5566,65.5672669999999,0.1295795790513832,21,,"[68.03201400000012, 65.44925699999999, 66.0019440000001, 67.8004840000001, 65.5672669999999, 60.44205800000009, 65.972489, 64.86116500000003, 64.63506499999994, 67.24938999999995, 65.294981, 65.82987400000002, 67.0223289999999, 65.73210300000005, 60.246092999999746, 66.07936800000016, 65.69179799999984, 62.389644999999746, 63.28499800000009, 60.76925600000004, 61.42840000000024]"
438,bun,min-4096-pop-256,baseline,506,5566,65.13662599999998,0.12872850988142287,21,,"[63.68560200000002, 65.51507900000001, 65.49059399999987, 65.38273400000003, 65.26159899999993, 65.4381870000002, 59.78790300000014, 63.43485600000008, 65.61173900000017, 65.2430139999999, 64.97669900000005, 64.99243899999988, 65.13662599999998, 59.67222799999968, 64.18037099999992, 65.51147300000002, 65.46620800000028, 64.81482900000037, 64.95417799999996, 65.23607200000015, 60.10875900000019]"
439,bun,min-4096-pop-256,candidate,506,5566,65.21355699999981,0.12888054743082966,21,,"[65.70884000000012, 65.5105309999999, 65.52213299999994, 66.34696400000007, 60.61431799999991, 63.94672700000001, 65.42475100000001, 65.15407899999991, 65.119866, 65.21355699999981, 65.21676100000013, 59.82384999999999, 63.57393200000001, 65.87404200000014, 64.71317700000009, 65.0361869999997, 65.24340100000018, 65.40731599999981, 59.93995599999971, 63.9909160000002, 66.52921799999967]"
440,bun,min-4096-pop-256,baseline,506,5566,65.02459499999986,0.12850710474308275,21,,"[62.62748499999998, 65.75033200000007, 65.71203100000002, 65.62450899999999, 64.82866100000001, 65.79466500000012, 60.30561499999999, 62.726899, 65.2671949999999, 64.715371, 65.17307099999994, 65.02459499999986, 59.675453999999945, 63.44906999999989, 65.32713700000022, 65.1832300000001, 65.40407000000005, 64.9525609999996, 65.26003200000014, 59.21498999999994, 62.65963499999998]"
441,bun,min-4096-pop-256,baseline,506,5566,65.19432999999981,0.12884254940711426,21,,"[65.71164999999996, 65.6517789999998, 60.353323000000046, 63.42089699999997, 65.71103900000003, 65.86515600000007, 65.27767400000016, 65.79421400000001, 60.05460900000003, 59.500379000000066, 63.57697699999994, 65.483747, 65.65763000000015, 65.65885300000014, 65.19432999999981, 65.47260599999981, 59.97753600000033, 60.1216330000002, 60.438170000000355, 60.05659000000014, 60.40813200000002]"
442,bun,min-4096-pop-256,baseline,506,5566,65.40925500000003,0.12926730237154155,21,,"[65.20426899999995, 65.886886, 65.3896729999999, 66.17621400000007, 60.294501999999966, 63.155845, 66.04617600000006, 65.40925500000003, 66.50679100000002, 66.16824300000007, 60.60017300000004, 63.46248300000002, 68.36116100000004, 65.80300499999998, 66.08414700000003, 66.28776500000004, 66.18645699999979, 60.31411100000014, 60.83578000000034, 61.54170900000008, 60.75055500000008]"
443,bun,min-4096-pop-256,baseline,506,5566,66.73913199999993,0.1318955177865611,21,,"[65.49765899999989, 67.85373099999993, 67.21730000000002, 66.61653500000011, 67.25913700000001, 68.12910099999999, 61.26750100000004, 65.73570100000006, 66.73913199999993, 67.33202299999994, 67.20748099999992, 67.6138249999999, 61.66444699999988, 65.3798410000004, 66.59689900000012, 66.74151699999993, 66.43618000000015, 67.02425099999982, 67.34426500000018, 61.63990100000001, 65.23215600000003]"
444,bun,min-4096-pop-256,candidate,506,5566,64.83202299999994,0.12812652766798407,21,,"[64.907914, 66.049714, 60.544550999999956, 64.41111099999989, 65.02276700000016, 65.13209000000006, 65.33154999999988, 64.83202299999994, 65.622971, 59.38515900000016, 63.591079000000036, 65.66613200000006, 65.25460700000008, 65.44352800000001, 64.62252399999988, 65.66550999999981, 59.953594000000066, 60.39507399999957, 61.05724400000008, 60.35083199999963, 59.38966699999992]"
445,bun,min-4096-pop-256,baseline,506,5566,64.03389000000016,0.12654918972332047,21,,"[64.819209, 64.03389000000016, 64.6260769999999, 58.80078000000003, 62.736450000000104, 64.50424900000007, 64.98021200000017, 63.81151399999999, 64.11852399999998, 58.67170999999985, 62.1484989999999, 65.09135900000001, 64.55181800000014, 64.43614300000013, 64.75772900000015, 64.69345000000021, 59.0326, 60.472189999999955, 59.649695000000065, 60.018829000000096, 62.81866200000013]"
446,bun,min-4096-pop-256,baseline,506,5566,65.4048700000003,0.12925863636363696,21,,"[65.84181999999998, 65.73207700000012, 65.99509499999999, 65.81049200000007, 67.44383199999993, 59.8361910000001, 63.51874100000009, 66.30143300000009, 65.78544599999987, 65.41090000000008, 64.9207120000001, 59.634816999999885, 63.913422999999966, 65.92594599999984, 65.24330999999984, 65.10178700000006, 64.88518599999998, 65.77263200000016, 59.785695999999916, 62.9508780000001, 65.4048700000003]"
447,bun,min-4096-pop-256,candidate,506,5566,64.33953500000007,0.1271532312252966,21,,"[64.33953500000007, 64.75959499999999, 59.413840000000164, 63.31467100000009, 65.45635799999991, 65.39918200000011, 64.67486699999995, 64.47737100000018, 64.99436000000014, 59.643415000000005, 63.37308999999982, 65.70962800000007, 65.71416700000009, 65.42110199999979, 65.66596699999991, 60.55719199999976, 63.26977799999986, 61.72595199999978, 59.43910599999981, 59.85378600000013, 59.81750899999997]"
448,bun,min-4096-pop-256,baseline,506,5566,64.16980700000022,0.12681780039525736,21,,"[64.51768299999992, 64.07766600000014, 64.03691000000003, 64.70688500000006, 64.44517900000005, 58.758559000000105, 62.43683599999986, 64.65486899999996, 64.62431100000003, 63.88458700000001, 64.58941699999991, 64.9023279999999, 59.19623200000001, 62.61811200000011, 64.59767199999987, 64.69940099999985, 64.14293700000007, 64.16980700000022, 64.45676000000003, 58.61941999999999, 63.08961900000031]"
449,bun,min-4096-pop-256,baseline,506,5566,63.80840499999999,0.12610356719367588,21,,"[58.776531999999975, 61.75144100000011, 64.37280400000009, 63.58125300000006, 63.87750300000016, 64.16005900000005, 63.69005500000003, 63.86901799999987, 58.743511000000126, 61.78865100000007, 63.32154999999989, 64.107481, 63.448666, 63.80840499999999, 63.939850000000206, 58.78257399999984, 62.059283999999934, 64.13979100000006, 65.91423900000018, 63.865560999999616, 64.16520800000035]"
450,bun,min-4096-pop-256,baseline,506,5566,63.75416500000006,0.12599637351778667,21,,"[64.32315200000005, 59.174502000000075, 63.101674, 64.37228299999992, 63.75416500000006, 63.894074000000046, 63.85645599999998, 64.15971800000011, 64.63999000000013, 59.24601499999994, 62.16148799999996, 64.13340000000017, 63.40189099999998, 63.63325099999997, 63.283470999999736, 63.717667999999776, 63.89695000000029, 63.97144800000024, 58.88515499999994, 62.634555999999975, 64.85325599999987]"
451,bun,min-4096-pop-256,baseline,506,5566,65.44194100000004,0.12933189920948626,21,,"[66.07653899999991, 66.20737200000008, 65.61289800000009, 65.97556099999997, 65.93905300000006, 60.37613600000009, 60.1171760000002, 63.97301399999992, 65.83809600000018, 65.58770200000004, 65.84781500000008, 65.74987299999998, 65.97497999999996, 60.773062999999865, 63.54237499999999, 65.44194100000004, 65.13340800000014, 61.774523000000045, 60.511809000000085, 60.741765000000214, 63.578571999999895]"
452,bun,min-4096-pop-256,baseline,506,5566,64.69958199999996,0.12786478656126474,21,,"[63.82895599999995, 65.31304099999988, 65.79973500000006, 65.29286500000012, 65.51142000000004, 59.940427, 63.67123400000014, 64.90508399999999, 63.98689999999988, 64.82240999999999, 64.69958199999996, 64.47289099999989, 65.04052300000012, 64.86530999999991, 59.846262000000024, 59.30051999999978, 62.902575999999954, 64.95817299999999, 64.18934499999978, 65.14243400000032, 64.588346]"
453,bun,min-4096-pop-256,baseline,506,5566,65.60814899999991,0.1296603735177864,21,,"[66.13732199999993, 65.87388299999998, 65.60814899999991, 65.56359699999985, 66.02258799999981, 60.56909500000006, 63.60218500000019, 65.80090700000005, 66.2298639999999, 66.34323399999994, 66.078262, 65.77271500000006, 60.302459, 63.58930099999998, 66.87648400000035, 65.26449199999979, 65.33640500000001, 65.72557800000004, 65.40046400000028, 60.71706899999981, 63.2814599999997]"
454,bun,min-4096-pop-256,baseline,506,5566,64.87981200000013,0.12822097233201607,21,,"[63.261878000000024, 66.09265499999992, 65.42419299999983, 65.90089799999987, 65.61385500000006, 65.29737799999998, 59.894435999999814, 64.19216499999993, 65.04014899999993, 65.68140100000005, 65.47282299999983, 64.73642599999994, 65.05801299999985, 59.89285199999995, 63.141605000000254, 65.469517, 64.87981200000013, 60.734285999999884, 59.44034300000021, 59.05433600000015, 62.79905899999994]"
455,bun,min-4096-pop-256,baseline,506,5566,64.73269000000028,0.1279302173913049,21,,"[65.59489900000005, 64.6281550000001, 64.97393699999998, 64.46094500000004, 65.04375600000003, 60.23595, 62.331321000000116, 65.38862700000004, 65.37022300000012, 65.44327900000008, 65.65820800000006, 60.34979099999987, 63.031700999999885, 65.35965299999998, 65.12461600000006, 64.71130900000026, 64.73269000000028, 65.57625599999983, 60.12574600000016, 63.22143300000016, 64.6934470000001]"
456,bun,min-4096-pop-256,baseline,506,5566,65.80816600000003,0.1300556640316206,21,,"[65.74771400000009, 66.39995499999986, 60.53143900000009, 63.62097599999993, 65.80816600000003, 65.6215900000002, 65.72114499999998, 65.79376000000002, 65.98806999999988, 59.68317400000001, 63.886528, 65.81887599999982, 66.10123099999987, 66.14752700000008, 66.9935760000003, 60.617167999999765, 64.57281199999989, 66.04907400000002, 65.81367599999976, 66.00826800000004, 66.05783999999994]"
457,bun,min-4096-pop-256,candidate,506,5566,65.130267,0.12871594268774705,21,,"[65.71304000000009, 65.71737799999983, 65.6986330000002, 60.159468999999945, 64.03070600000001, 65.97081900000012, 65.2499499999999, 65.21458399999983, 65.130267, 65.24973999999997, 65.90069799999992, 59.768483999999944, 62.95708300000001, 65.40684099999976, 65.23937999999998, 64.619009, 65.07985400000007, 62.04427899999973, 59.463126999999986, 60.176520999999866, 59.368390999999974]"
458,bun,min-4096-pop-256,candidate,506,5566,64.61223599999994,0.127692166007905,21,,"[64.6820459999999, 64.91847400000006, 65.54686199999992, 59.912780999999995, 62.340868999999884, 65.12235299999998, 65.53276499999993, 64.47273700000005, 65.51813799999991, 59.62767199999985, 58.915369000000055, 62.628733999999895, 64.54333799999995, 64.61223599999994, 64.20698300000004, 64.82588299999998, 59.531563000000006, 62.9844250000001, 65.1754719999999, 65.13434600000028, 65.02642500000002]"
459,bun,min-4096-pop-256,baseline,506,5566,64.22011900000007,0.12691723122529658,21,,"[64.01815399999987, 64.22011900000007, 58.65843299999983, 63.2636930000001, 64.23688900000002, 63.597451999999976, 64.18859999999995, 63.71574099999998, 64.3199340000001, 58.67704700000013, 62.24452999999994, 64.7431489999999, 64.7871610000002, 64.51163900000006, 64.25069500000018, 64.98493800000006, 58.96653500000002, 61.9909990000001, 65.42207899999994, 64.70755299999973, 64.33179599999994]"
460,node,min-4096-pop-256,baseline,489,5379,60.84313899999961,0.12442359713701352,21,,"[59.91428500000006, 59.90877499999988, 60.89180099999999, 61.215169999999944, 59.96087199999988, 60.61322300000006, 60.68075799999997, 60.14974200000006, 60.816280000000006, 60.48283100000003, 60.530678999999964, 61.443214000000125, 61.568848000000116, 61.352836000000025, 62.12844700000005, 60.84313899999961, 60.5956699999997, 61.728274000000056, 61.81687800000009, 61.385977999999795, 62.47428800000034]"
461,node,min-4096-pop-256,baseline,489,5379,60.97440400000005,0.1246920327198365,21,,"[59.366747999999916, 60.900114999999914, 60.606289999999944, 62.418143999999984, 60.235641000000214, 59.064366000000064, 60.09879799999999, 60.39264400000002, 60.81281399999989, 61.65009800000007, 62.058046000000104, 61.13415000000009, 59.92801099999997, 60.97440400000005, 61.21664400000009, 61.02379499999961, 61.27045399999997, 60.330377999999655, 61.37203200000022, 61.44868399999996, 61.567193999999745]"
462,node,min-4096-pop-256,baseline,489,5379,61.410030000000006,0.12558288343558283,21,,"[60.09051199999999, 60.35751800000003, 60.096504000000095, 60.22278800000004, 61.51194199999986, 62.288133000000016, 63.879969000000074, 60.322051999999985, 60.410977, 60.66635100000008, 60.51659400000017, 62.49757199999999, 60.850494000000026, 61.43850599999996, 61.30435200000011, 61.89746500000001, 61.96351800000002, 61.459531999999854, 62.506014999999934, 63.31842599999982, 61.410030000000006]"
463,node,min-4096-pop-256,baseline,489,5379,61.049839999999904,0.12484629856850696,21,,"[59.76406100000008, 60.078606000000036, 59.69175700000005, 59.34675500000003, 60.11839000000009, 61.17562399999997, 60.60816, 59.876379999999926, 60.689080000000104, 60.60685699999999, 60.3903650000002, 61.049839999999904, 61.12126400000011, 61.39045299999998, 61.214836000000105, 61.33107300000029, 61.28287300000011, 62.301656000000094, 61.7398019999996, 61.901122000000214, 61.998653000000104]"
464,node,min-4096-pop-256,candidate,489,5379,61.15037700000016,0.1250518957055218,21,,"[60.08141000000012, 60.084587000000056, 60.16058799999996, 62.42573700000003, 60.47876900000006, 62.75028999999995, 63.882593999999926, 61.07618900000011, 60.24726900000019, 61.15037700000016, 60.91794499999992, 60.527593000000024, 60.61990999999989, 61.371816999999965, 60.564707, 61.25457899999992, 61.50805900000023, 61.59759600000007, 61.98609699999997, 62.04063899999983, 61.62404400000014]"
465,node,min-4096-pop-256,baseline,489,5379,60.45458400000007,0.12362900613496947,21,,"[59.375909999999976, 59.53598699999998, 59.32736, 60.66179800000009, 61.12368500000002, 62.08071199999995, 60.303261999999904, 60.390145000000075, 60.05684599999995, 60.4261919999999, 60.779718, 60.39106599999991, 59.71723500000007, 60.65084999999999, 60.45458400000007, 60.4852020000003, 60.834409999999934, 60.14728400000013, 61.70746099999997, 64.03118600000016, 61.00390500000003]"
466,node,min-4096-pop-256,baseline,489,5379,61.11332799999991,0.12497613087934542,21,,"[60.45750999999996, 61.02553499999999, 60.64299399999982, 61.93517399999996, 61.66707599999995, 60.64102099999991, 61.050711999999976, 61.21026800000004, 60.496812999999975, 61.47079099999996, 61.66647499999999, 60.9046800000001, 61.032106999999996, 61.51337100000001, 61.31231800000023, 60.5005699999997, 61.11332799999991, 61.13447700000006, 61.95319699999982, 61.97303399999964, 60.888990999999805]"
467,node,min-4096-pop-256,candidate,489,5379,60.37072999999987,0.12345752556237191,21,,"[59.211956999999984, 59.11671999999999, 59.257070999999996, 59.35955100000001, 60.36707200000001, 61.31109599999991, 60.231500000000096, 60.02903399999991, 59.58645299999989, 60.37072999999987, 60.983746999999994, 59.86158299999988, 59.79802600000016, 61.524552000000085, 60.9898189999999, 61.37978599999997, 60.95340099999976, 60.50073999999995, 62.02056300000004, 61.77798299999995, 60.80635800000027]"
468,node,min-4096-pop-256,baseline,489,5379,60.812940000000026,0.1243618404907976,21,,"[60.127767999999946, 59.34319099999993, 60.812940000000026, 61.76556900000014, 59.89183000000003, 61.6766439999999, 59.903090999999904, 60.053611000000046, 60.60066600000005, 60.24824099999978, 59.49314000000004, 60.38724000000002, 60.47796900000003, 60.90143500000022, 61.11082299999998, 61.40524000000005, 60.901224000000184, 61.59242700000004, 61.0658999999996, 60.993385999999646, 62.44597199999998]"
469,node,min-4096-pop-256,baseline,489,5379,61.22678900000028,0.12520815746421327,21,,"[62.89764100000002, 60.84553000000005, 61.03561300000001, 60.790619000000106, 61.590674000000035, 61.46606300000008, 60.767586000000165, 60.949043000000074, 59.746290000000045, 60.582402, 61.141018999999915, 62.005464000000075, 61.18466000000012, 61.37335000000007, 61.077972000000045, 61.27340600000025, 62.00908100000015, 62.38694200000009, 61.22678900000028, 62.5690910000003, 61.52233800000022]"
470,node,min-4096-pop-256,baseline,489,5379,61.66157599999997,0.12609729243353776,21,,"[59.82667900000001, 60.25019499999985, 60.03595799999994, 59.7519699999998, 61.135037999999895, 65.07536499999992, 60.11322100000007, 60.401416000000154, 59.96670900000004, 61.21056899999985, 62.42719699999998, 61.79906199999982, 61.9309760000001, 62.048323999999866, 61.66157599999997, 61.68484900000021, 62.25551900000028, 61.68104200000016, 64.57138900000018, 62.908450999999786, 61.25582200000008]"
471,node,min-4096-pop-256,baseline,489,5379,61.36458399999992,0.12548994683026568,21,,"[60.9509250000001, 60.42193300000008, 59.67685000000006, 61.15117699999996, 63.36684200000013, 60.381517999999915, 61.27214300000014, 63.08203300000014, 61.638472999999976, 61.56472499999995, 60.549350000000004, 61.99603699999989, 61.36458399999992, 60.89076399999976, 62.25049899999976, 61.253919000000224, 61.364162999999735, 62.51545099999976, 62.588726999999835, 61.820540000000165, 61.990977000000385]"
472,node,min-4096-pop-256,baseline,489,5379,60.87702899999999,0.12449290184049078,21,,"[59.86261500000012, 60.79903399999989, 60.75516199999993, 60.18862000000013, 61.56247100000019, 61.233840999999984, 60.350660999999945, 60.87702899999999, 60.032068999999865, 61.00505599999997, 60.61272800000006, 60.565380000000005, 60.95149700000002, 61.23136599999998, 60.54626499999995, 60.93179000000009, 64.81933900000013, 61.14814200000001, 61.93769800000018, 62.28978199999983, 60.581800999999814]"
473,node,min-4096-pop-256,candidate,489,5379,61.13657999999987,0.12502368098159483,21,,"[62.93585099999996, 60.18508399999996, 59.66013900000007, 60.66063700000018, 60.77572000000009, 61.141249000000016, 60.608961000000136, 62.48944900000015, 61.63055699999995, 60.425320000000056, 61.45569299999988, 60.24430400000006, 60.22171100000014, 60.97795599999995, 61.044760000000224, 63.662013000000115, 61.13657999999987, 61.853642000000036, 61.27743199999986, 62.21428199999991, 61.72154099999989]"
474,node,min-4096-pop-256,candidate,489,5379,60.72928899999988,0.1241907750511245,21,,"[59.401964000000135, 59.91278299999999, 59.38640499999997, 61.73023799999987, 64.36420799999996, 59.86151799999993, 59.605362000000014, 60.030402000000095, 60.72928899999988, 60.60214300000007, 60.384898999999905, 60.47669999999994, 60.872364999999945, 60.29690599999981, 61.27583300000015, 60.963182999999844, 61.45199000000002, 61.580459000000246, 61.58129999999983, 62.580385000000206, 61.21308700000009]"
475,node,min-4096-pop-256,baseline,489,5379,60.84923200000003,0.12443605725971377,21,,"[59.727849000000106, 59.875023000000056, 59.89804499999991, 61.61337000000003, 60.818354, 60.36570300000017, 60.84923200000003, 60.891218999999865, 59.82200399999988, 60.27418399999988, 60.54852299999993, 60.262751999999864, 60.878855999999814, 62.061972000000196, 61.88691800000015, 61.42799299999979, 61.82056499999999, 61.48945000000003, 61.82558400000016, 62.4873120000002, 60.602824000000055]"
476,node,min-4096-pop-256,baseline,489,5379,60.83879200000001,0.1244147075664622,21,,"[61.22847500000012, 60.43454200000019, 60.37152500000002, 60.340365999999904, 59.58467400000018, 59.85817199999997, 60.83879200000001, 61.91597200000001, 60.34717999999998, 60.42044499999997, 60.04866500000003, 61.114234000000124, 61.277931999999964, 60.93416599999978, 61.13094200000023, 60.69656500000019, 60.65625100000034, 61.058558000000176, 61.19014199999992, 61.87483299999985, 61.12844700000005]"
477,node,min-4096-pop-256,baseline,489,5379,60.552277000000004,0.12382878732106341,21,,"[58.948627999999985, 60.076884000000064, 61.315425000000005, 60.471046000000115, 59.656322000000046, 59.39450600000009, 60.458703000000014, 59.77503300000012, 60.57551999999987, 60.287205000000085, 60.542760000000044, 60.774689999999964, 60.552277000000004, 60.122198000000026, 61.4142880000004, 61.35475799999995, 61.27231500000016, 62.534165999999914, 61.4197180000001, 61.146090000000186, 62.05739300000005]"
478,node,min-4096-pop-256,baseline,489,5379,61.05783599999995,0.12486265030674837,21,,"[61.713685000000055, 60.12262899999996, 59.582906000000094, 60.049793000000136, 61.13879700000007, 62.02009399999997, 60.7874139999999, 60.64649499999996, 60.76320899999996, 60.782645, 61.05783599999995, 60.596308000000136, 60.536628000000064, 61.224005000000034, 60.34030400000029, 61.68002200000001, 61.090196000000105, 61.33576200000016, 62.00194999999985, 62.17977999999994, 61.34770500000013]"
479,node,min-4096-pop-256,baseline,489,5379,60.55798299999992,0.12384045603271968,21,,"[59.948146000000065, 60.197227999999996, 59.70701800000006, 60.49740500000007, 59.846160000000054, 61.494071000000076, 60.86138699999992, 59.911202, 60.35019699999998, 60.408965999999964, 60.35109899999998, 61.146885999999995, 61.49571399999991, 60.55798299999992, 61.36306799999966, 61.57168600000023, 60.48368500000015, 61.731753000000026, 62.12273899999991, 61.31760399999985, 62.31816200000003]"
480,node,min-4096-pop-256,candidate,489,5379,60.70618800000011,0.12414353374233152,21,,"[60.429414000000065, 59.51678900000002, 59.37315199999989, 60.801434999999856, 63.112687999999935, 60.15333099999998, 60.81640300000004, 59.54183499999999, 60.17098399999986, 60.703643000000056, 60.046201999999994, 60.31970000000001, 60.56547599999999, 60.742465000000266, 61.71844699999974, 61.40153000000009, 60.70618800000011, 61.55807000000004, 61.5595330000001, 61.4128810000002, 61.81924600000002]"
481,node,min-4096-pop-256,baseline,489,5379,61.04430599999978,0.12483498159509157,21,,"[59.59414300000003, 59.81502299999988, 60.30980199999999, 60.68904599999996, 60.66676499999994, 62.67169899999999, 61.48866100000009, 61.20603600000004, 61.82856199999992, 61.136567000000014, 60.48508800000013, 60.71868099999983, 60.677644999999984, 60.82087099999967, 61.276476999999886, 61.04430599999978, 60.964698000000226, 61.53098999999975, 61.555045000000064, 61.699583000000075, 61.9715369999999]"
482,node,min-4096-pop-256,baseline,489,5379,60.97226300000011,0.12468765439672824,21,,"[60.83448700000008, 59.47995100000003, 59.31196900000009, 61.31553900000017, 60.52271700000006, 59.54514100000006, 60.72086599999989, 62.10371299999997, 60.04463899999996, 60.84362299999998, 60.412824, 60.61465799999996, 60.97226300000011, 61.60366400000021, 61.509709999999814, 61.09655299999986, 61.442785999999614, 61.397602000000006, 61.981766000000334, 62.600916000000325, 61.18308399999978]"
483,node,min-4096-pop-256,candidate,489,5379,61.31647100000009,0.125391556237219,21,,"[59.809072000000015, 60.20877399999995, 60.141468999999915, 62.752207, 61.31647100000009, 62.61465199999998, 60.46479999999997, 63.62866200000008, 60.42284200000017, 60.92992400000003, 60.79109500000004, 60.55364500000019, 61.03933599999982, 61.885417999999845, 64.41259100000025, 61.028625999999804, 61.48243999999977, 61.56769699999995, 62.85826399999996, 62.24829200000022, 62.0566359999998]"
484,node,min-4096-pop-256,baseline,489,5379,61.01457099999993,0.12477417382413074,21,,"[59.7223909999999, 59.88647600000013, 59.492123999999876, 60.88966899999991, 62.67897100000005, 60.428132000000005, 60.6569770000001, 60.50039599999991, 61.03269399999999, 60.962332999999944, 60.569353999999976, 61.01457099999993, 61.25661000000014, 60.66560300000015, 64.66550099999995, 62.03470500000003, 61.35628499999984, 61.700092999999924, 62.23087899999973, 61.17667200000005, 62.4647329999998]"
485,node,min-4096-pop-256,baseline,489,5379,61.44089699999995,0.12564600613496923,21,,"[60.380727999999976, 59.78705599999989, 60.493457000000035, 61.67330900000002, 64.02106800000001, 60.628799999999956, 60.70910700000013, 60.399332000000186, 61.56059900000014, 61.025785999999925, 60.92406700000015, 61.44089699999995, 61.296818999999914, 61.185411999999815, 61.9590790000002, 62.07323200000019, 62.297035999999935, 65.01660700000002, 62.48042699999996, 61.88616400000001, 62.49699899999996]"
486,node,min-4096-pop-256,baseline,489,5379,61.18327799999997,0.12511917791411037,21,,"[59.573819999999955, 60.653785999999855, 59.186740999999984, 60.53738999999996, 61.20157199999994, 61.609789999999975, 61.05732499999999, 60.71794399999999, 60.78819599999997, 61.39434000000006, 61.53921000000014, 60.62632400000007, 61.03112699999997, 61.86731899999995, 60.789858000000095, 61.18327799999997, 61.750160999999935, 61.43179999999984, 62.25652200000013, 62.21434399999998, 61.642431000000215]"
487,node,min-4096-pop-256,baseline,489,5379,61.25765699999988,0.1252712822085887,21,,"[60.35041199999989, 64.22836400000006, 60.39005599999996, 60.61620599999992, 60.89777800000002, 62.51370900000006, 61.08589800000004, 61.149896000000126, 61.449403000000075, 60.641582999999855, 60.09633000000008, 61.137153000000126, 61.25765699999988, 60.5484100000001, 62.62181099999998, 61.8638820000001, 61.262647000000015, 62.638872999999876, 62.09419600000001, 62.057368000000224, 61.99424100000033]"
488,node,min-4096-pop-256,baseline,489,5379,61.293460000000096,0.1253444989775053,21,,"[63.157681000000025, 60.352401999999984, 61.00740800000017, 60.921849000000066, 60.680000000000064, 60.62407699999994, 60.21127999999999, 60.40111300000012, 60.89144299999998, 60.993971999999985, 61.35212799999999, 60.86331100000007, 61.293460000000096, 61.32189299999982, 61.94708300000002, 61.34068699999989, 63.02039599999989, 62.57394699999986, 61.9291489999996, 61.48268100000041, 62.236631000000216]"
489,node,min-4096-pop-256,candidate,489,5379,61.073741000000155,0.12489517586912097,21,,"[60.102597999999944, 60.16648600000008, 61.89693999999986, 59.9120539999999, 60.203786000000036, 60.94730700000014, 63.21556899999996, 60.46832699999982, 61.01709299999993, 61.073741000000155, 61.409004000000095, 60.952856999999995, 60.46472999999992, 61.154932000000144, 61.33015699999987, 60.95656300000019, 61.314158000000134, 61.664818000000196, 61.39836400000013, 61.85368900000003, 61.38909700000022]"
490,node,min-4096-pop-256,candidate,489,5379,61.317898000000014,0.12539447443762783,21,,"[59.003246000000104, 59.641241000000036, 60.82351699999981, 61.59867699999995, 59.92769300000009, 59.825763999999936, 59.65080899999998, 59.85699199999999, 60.09136699999999, 61.38239599999997, 61.14002800000003, 61.35977600000001, 62.13599699999986, 61.317898000000014, 61.300636000000395, 61.49259299999994, 61.4298160000003, 62.48611800000026, 61.99783100000013, 62.163818999999876, 62.33521699999983]"
491,node,min-4096-pop-256,baseline,489,5379,61.21943599999986,0.12519312065439644,21,,"[59.322222000000124, 59.7554869999999, 60.102171, 61.93537399999991, 63.78272599999991, 62.64676500000019, 61.14223200000015, 59.99004200000013, 59.828371999999945, 60.25497399999995, 59.99349899999993, 61.02075600000012, 61.21943599999986, 61.895119999999906, 62.00386200000003, 61.767713000000185, 64.15466600000036, 61.86098700000002, 61.65513400000009, 60.987975000000006, 63.20949100000007]"
492,bun,empty-single-enqueue,baseline,272173,2993903,59.81429800000001,0.00021976572988503638,21,,"[60.76130499999999, 59.058393000000024, 59.81429800000001, 59.087717, 61.40451899999994, 61.199428000000125, 58.475502000000006, 59.62344199999984, 59.324986999999965, 60.279669999999896, 59.91680600000018, 59.93754399999989, 59.774181, 59.75454500000001, 60.54407100000003, 60.41691500000002, 58.900478999999905, 60.16684099999998, 61.551692, 59.41286100000002, 59.29891900000007]"
493,bun,empty-single-enqueue,baseline,272173,2993903,58.90694099999996,0.00021643197892516877,21,,"[58.96955700000001, 59.70236799999998, 59.30528099999992, 58.40403700000002, 60.12356, 60.34439000000009, 58.46328699999981, 58.17413999999985, 58.307026999999835, 58.90694099999996, 58.73884900000007, 58.70515599999999, 58.774184000000105, 58.823846, 60.00664299999994, 60.750884999999926, 59.510316999999986, 57.64340900000002, 58.753480999999965, 59.68962899999997, 59.63109099999997]"
494,bun,empty-single-enqueue,baseline,272173,2993903,59.62085200000001,0.00021905498341128626,21,,"[60.58040399999993, 59.21330499999999, 58.87528700000007, 60.08586600000001, 61.28146600000002, 59.25422100000014, 58.72035000000005, 58.25832199999991, 61.24368299999992, 60.37471199999982, 58.94081900000015, 59.62085200000001, 60.137050000000045, 60.059406999999965, 59.473187999999936, 59.60256799999979, 58.99882600000001, 58.641141999999945, 60.23149600000011, 61.013357999999926, 60.23035299999992]"
495,bun,empty-single-enqueue,baseline,272173,2993903,59.32394099999999,0.00021796409269104575,21,,"[60.752903999999944, 61.118472999999994, 59.32394099999999, 59.709115999999995, 60.15375099999994, 59.22405600000002, 58.86061000000018, 58.46717899999999, 58.83925999999997, 60.24088299999994, 59.07754299999988, 59.884661999999935, 59.03041499999995, 59.39527300000009, 57.96350400000006, 59.20825599999989, 58.422125999999935, 58.49528200000009, 59.700759999999946, 61.16872699999999, 59.63474800000017]"
496,bun,empty-single-enqueue,candidate,272173,2993903,59.806626999999935,0.0002197375456051847,21,,"[61.04019800000003, 58.83556300000009, 58.982275999999956, 59.53471200000001, 61.865659999999934, 59.71876400000019, 58.981074000000035, 59.74820799999998, 61.685636999999815, 60.15497400000004, 59.26727600000004, 58.887649999999894, 59.71333299999992, 60.83326299999999, 60.810019999999895, 59.93064800000002, 58.81127800000013, 59.806626999999935, 61.08096599999999, 60.719761999999946, 62.027571999999964]"
497,bun,empty-single-enqueue,baseline,272173,2993903,59.462320999999974,0.000218472519316758,21,,"[60.54262300000005, 60.755588999999986, 58.91348900000003, 59.43439599999999, 59.98544800000002, 65.49300199999993, 62.94762499999979, 58.60080100000005, 58.723589000000175, 59.6320760000001, 60.846532000000025, 59.768420000000106, 58.550287000000026, 58.89324499999998, 58.469556999999895, 60.43805300000008, 58.44467099999997, 61.2618829999999, 59.462320999999974, 58.687552000000096, 59.118813000000046]"
498,bun,empty-single-enqueue,baseline,272173,2993903,66.16662700000006,0.00024310503613510548,21,,"[66.62961300000006, 67.10579799999994, 65.12092099999995, 65.818307, 66.79883799999993, 65.13105999999993, 65.908414, 65.24116400000003, 65.72804900000006, 66.14799900000003, 66.38433799999984, 67.32602700000007, 67.22428800000012, 68.2865710000001, 65.02032400000007, 65.55507699999998, 65.27637000000004, 66.22994100000005, 66.98006400000008, 66.31342599999971, 66.16662700000006]"
499,bun,empty-single-enqueue,candidate,272173,2993903,59.41493300000002,0.00021829840946750788,21,,"[60.6076589999999, 57.686231999999904, 58.76360299999999, 58.83901400000002, 60.04688999999985, 59.12263699999994, 58.75024899999994, 58.64980199999991, 60.663491999999906, 59.47522499999991, 59.7075870000001, 60.246758, 58.98871099999997, 60.27234599999997, 59.427325999999994, 58.82483699999989, 58.58963999999992, 58.55042800000001, 60.59093800000005, 60.181536999999935, 59.41493300000002]"
500,bun,empty-single-enqueue,baseline,272173,2993903,61.55021899999997,0.000226143735785695,21,,"[61.626540999999975, 63.029045999999994, 61.15238999999997, 62.55986399999995, 62.649200000000064, 62.35449300000005, 60.79775100000006, 61.02846999999997, 61.59506299999998, 62.99279899999988, 61.08611700000006, 62.54469599999993, 60.92125100000021, 62.57427099999995, 61.55021899999997, 61.209607000000005, 61.44852100000003, 61.28418499999998, 61.192866000000095, 62.93657499999995, 61.422460999999885]"
501,bun,empty-single-enqueue,baseline,272173,2993903,59.975844999999936,0.0002203592751668973,21,,"[60.53409199999999, 58.706556999999975, 58.34407400000009, 60.69912799999997, 60.63612099999989, 58.724901000000045, 58.519138999999996, 58.46161299999994, 59.98417099999983, 59.05884199999991, 59.97929199999999, 59.38243299999999, 60.59087999999997, 60.668691999999965, 59.989230000000134, 60.222381999999925, 59.26866199999995, 58.14858099999992, 58.76601800000003, 60.77851600000008, 59.975844999999936]"
502,bun,empty-single-enqueue,baseline,272173,2993903,60.52692899999988,0.00022238403147997737,21,,"[61.268456000000015, 62.45904600000006, 60.010069000000044, 61.15480400000001, 60.82393999999999, 60.876768000000084, 60.26481100000001, 58.87326800000005, 60.187697999999955, 59.75860200000011, 60.24222000000009, 59.84333800000013, 60.95951200000013, 60.78678100000002, 60.71153099999992, 59.2245690000002, 60.52692899999988, 59.345775, 60.249833999999964, 60.88478299999997, 60.77258400000005]"
503,bun,empty-single-enqueue,baseline,272173,2993903,59.68630699999994,0.00021929547383465643,21,,"[60.19518199999993, 58.76262900000006, 59.68630699999994, 60.72902399999998, 59.40646700000002, 59.13284900000008, 57.83774399999993, 58.54002799999989, 60.71877399999994, 60.10569600000008, 59.284842000000026, 60.05920900000001, 59.84658499999978, 60.57544800000005, 59.316010000000006, 60.156259999999975, 59.063740999999936, 58.57939099999999, 59.60053599999992, 60.409531000000015, 60.457539]"
504,bun,empty-single-enqueue,candidate,272173,2993903,60.50911599999995,0.00022231858413582518,21,,"[60.571200999999974, 59.71965900000009, 59.269754000000034, 59.892911000000026, 60.82221699999991, 60.50911599999995, 60.04732799999988, 59.28358000000003, 60.53184800000008, 61.05316599999992, 60.831944999999905, 61.77734099999998, 62.27717100000018, 60.79696000000013, 61.55775199999994, 59.99633199999994, 59.732221999999865, 59.20960100000002, 60.07986800000003, 61.64983300000017, 60.12366900000006]"
505,bun,empty-single-enqueue,baseline,272173,2993903,59.663564000000065,0.00021921191301121,21,,"[59.445850000000064, 60.63173299999994, 58.40503699999999, 59.663564000000065, 60.398091999999906, 60.106156000000055, 57.84195099999988, 59.49861499999997, 61.02385900000013, 60.07041000000004, 59.43839600000001, 59.97631500000011, 59.08582200000001, 59.85076200000003, 58.99194699999998, 59.200454000000036, 58.17467899999997, 58.181090999999924, 60.62446, 60.824530000000095, 60.21690200000012]"
506,bun,empty-single-enqueue,baseline,272173,2993903,59.2035800000001,0.00021752187028103485,21,,"[60.68670499999996, 58.944729999999936, 60.208831999999916, 59.05724799999996, 60.50294399999996, 59.329152999999906, 58.632899999999836, 58.33637899999985, 59.56496200000015, 59.79208300000005, 59.12803000000008, 58.67427699999985, 58.32999799999993, 59.2035800000001, 59.40216899999996, 58.847037999999884, 59.04694900000004, 59.11175899999989, 59.99553999999989, 60.60721599999988, 59.22374799999989]"
507,bun,empty-single-enqueue,candidate,272173,2993903,58.22248800000011,0.00021391720707050337,21,,"[59.125230999999985, 59.240178000000014, 57.62419599999998, 58.711396000000036, 58.754223000000025, 58.03949799999998, 58.08087499999988, 57.687805000000026, 58.01317900000004, 59.25008600000001, 58.38206400000013, 57.441516999999976, 57.85383300000012, 57.96305600000005, 58.80763400000001, 58.96359499999994, 57.606123000000025, 57.15159900000003, 60.26418999999987, 59.752700000000004, 58.22248800000011]"
508,bun,empty-single-enqueue,baseline,272173,2993903,59.311409999999796,0.00021791805212126035,21,,"[60.55213500000002, 58.49418300000002, 58.08506299999999, 58.594870000000014, 60.416292, 59.63916500000005, 58.07026599999995, 58.12852399999997, 60.16901400000006, 59.216424999999845, 59.49645399999986, 59.54675700000007, 59.44983699999989, 62.46197199999983, 57.74300799999992, 58.01383099999998, 58.39695199999983, 58.602043000000094, 59.926422999999886, 60.764720000000125, 59.311409999999796]"
509,bun,empty-single-enqueue,candidate,272173,2993903,59.493559000000005,0.0002185872919062508,21,,"[59.57111299999997, 58.58308899999997, 59.707956999999965, 59.7831470000001, 60.02451499999995, 59.99634300000014, 59.856542999999874, 58.85426499999994, 59.47189900000012, 60.13646300000005, 59.39802200000008, 58.42706799999996, 58.84572600000001, 59.493559000000005, 59.251338999999916, 58.572958999999855, 59.258362000000034, 58.01037500000007, 59.51061000000004, 61.19198400000005, 60.128918999999996]"
510,bun,empty-single-enqueue,candidate,272173,2993903,61.325762000000054,0.00022531905075080943,21,,"[61.425557000000026, 61.85970299999997, 61.325762000000054, 60.42415700000004, 61.93904999999984, 60.94721800000002, 60.165557000000035, 60.10020600000007, 61.09834999999998, 62.31608099999994, 61.31934000000001, 61.65035399999988, 61.36316099999999, 61.850396000000046, 60.42224400000009, 60.80176899999992, 59.747299999999996, 60.52116699999988, 61.984895999999935, 62.728726999999935, 61.903414999999995]"
511,bun,empty-single-enqueue,baseline,272173,2993903,61.42638799999986,0.00022568876413163634,21,,"[63.27926000000002, 60.613768999999934, 60.88581499999998, 61.111534000000006, 61.573011000000065, 62.34357100000011, 59.76903000000016, 62.625225, 62.14952099999982, 61.42638799999986, 61.62074000000007, 60.994846999999936, 61.45387000000005, 63.31494599999996, 61.2359449999999, 61.775315999999975, 60.60476300000005, 60.23185000000012, 60.55813699999999, 62.94248500000003, 61.06677999999988]"
512,bun,empty-single-enqueue,baseline,272173,2993903,59.33423700000003,0.00021800192157194148,21,,"[60.813297000000034, 59.754998, 60.04655500000001, 59.068954000000076, 59.93168600000001, 59.30561399999988, 59.81086200000004, 58.65544599999998, 58.969138999999814, 59.443759999999884, 59.24452999999994, 60.75377299999991, 59.33423700000003, 60.94326500000011, 58.08242100000007, 58.60863900000004, 58.543067000000065, 59.16581400000018, 58.960050999999794, 60.519969000000174, 59.359423000000106]"
513,bun,empty-single-enqueue,baseline,272173,2993903,60.01461999999992,0.0002205017397023214,21,,"[60.80754300000001, 61.972443, 60.76422200000002, 61.022621999999956, 61.08613100000002, 65.15211299999987, 64.57428000000004, 58.48900700000013, 60.21622500000012, 59.86347000000001, 58.83569000000011, 60.01461999999992, 59.08747800000015, 60.9559670000001, 58.01757099999986, 58.37748999999985, 58.4777959999999, 58.64435500000013, 59.21949300000006, 60.55947200000014, 59.852349000000004]"
514,bun,empty-single-enqueue,baseline,272173,2993903,59.139955999999984,0.0002172881071965257,21,,"[59.91859199999999, 59.10775600000011, 58.14062899999999, 60.345234000000005, 60.311693000000105, 59.67199400000004, 57.953461999999945, 58.503292999999985, 60.48331099999996, 58.68181400000003, 59.033889000000045, 59.52980000000002, 58.678728999999976, 58.81400000000008, 59.805492000000186, 59.139955999999984, 57.57639199999994, 60.34456299999988, 59.41001700000015, 58.85997599999996, 59.38274699999988]"
515,bun,empty-single-enqueue,baseline,272173,2993903,59.44706599999995,0.00021841647040668968,21,,"[59.90736099999992, 59.39487900000006, 59.62760199999991, 58.81569300000001, 59.429051999999956, 61.17600700000003, 59.07422399999996, 58.74863899999991, 60.42651500000011, 59.428822999999966, 59.44706599999995, 59.90483599999993, 59.40492799999993, 60.465568000000076, 59.45622299999991, 59.23551300000008, 58.541112999999996, 58.60022300000014, 60.0878459999999, 61.43192700000009, 60.40092600000003]"
516,bun,empty-single-enqueue,baseline,272173,2993903,59.80547999999999,0.0002197333313737953,21,,"[60.09599000000003, 59.31606199999999, 59.862296000000015, 60.46816200000001, 61.76179400000001, 61.140940999999884, 59.336769000000004, 58.72334999999998, 60.72745299999997, 59.83963399999993, 59.360713999999916, 59.13782000000015, 58.79883999999993, 59.17786499999988, 59.80547999999999, 60.11022700000012, 59.64536300000009, 58.71191899999985, 59.36150600000019, 60.67985500000009, 60.19266299999981]"
517,bun,empty-single-enqueue,candidate,272173,2993903,58.777289999999994,0.00021595562381279552,21,,"[58.555429000000004, 57.82994999999994, 57.58117800000002, 58.491559999999936, 60.06243800000004, 59.07536399999992, 58.16334999999981, 57.15762199999995, 59.935992999999826, 58.81394900000009, 59.076315999999906, 58.46444999999994, 58.777289999999994, 58.20625999999993, 62.196623000000045, 59.195507000000134, 57.655677000000196, 57.31052599999998, 59.09404900000004, 58.83135100000004, 59.503398999999945]"
518,bun,empty-single-enqueue,candidate,272173,2993903,61.024314000000004,0.00022421149048583073,21,,"[62.18602300000009, 60.87795300000005, 62.01936300000011, 61.472487, 61.024314000000004, 60.697026999999935, 61.9158809999999, 59.81950699999993, 60.542158999999856, 61.32911100000001, 60.70737600000007, 60.48541300000011, 60.13953300000003, 61.558907999999974, 60.15674399999989, 61.548598000000084, 60.66655000000014, 62.36544600000002, 61.843957000000046, 61.063416999999845, 60.073218]"
519,bun,empty-single-enqueue,baseline,272173,2993903,59.97143200000005,0.00022034306121474227,21,,"[60.05568500000004, 62.28414499999997, 58.58667600000001, 61.49470900000006, 60.407692999999995, 60.194373999999925, 57.96770000000015, 58.118970999999874, 61.19549099999995, 58.809514000000036, 60.90547700000002, 59.94174700000008, 59.97143200000005, 59.858653000000004, 61.42373899999984, 59.58171900000002, 59.59844999999996, 58.12356999999997, 60.59814499999993, 59.7782430000002, 62.212974999999915]"
520,bun,empty-single-enqueue,baseline,272173,2993903,62.289856999999984,0.00022886126471031288,21,,"[62.421963000000005, 63.69192099999998, 63.12119900000005, 63.49818200000004, 64.27714800000012, 62.02071799999999, 60.68577900000014, 60.98295000000007, 62.202575000000024, 62.289856999999984, 63.463908000000174, 62.358975999999984, 61.98337900000001, 63.31637500000011, 62.0663320000001, 61.535977999999886, 61.979450999999926, 61.16885699999989, 61.7548240000001, 62.42328600000019, 62.51875300000006]"
521,bun,empty-single-enqueue,baseline,272173,2993903,59.75045100000011,0.00021953114746870597,21,,"[60.62266900000009, 58.78683100000001, 62.365050999999994, 60.042714000000046, 61.10480700000005, 61.00079400000004, 59.325231999999914, 58.94857200000001, 59.741023999999925, 60.300132000000076, 59.47785499999986, 60.79080399999998, 59.881495000000086, 59.75045100000011, 58.6105950000001, 59.09814000000006, 59.06156199999987, 59.17446199999995, 59.694577999999865, 61.41434200000003, 59.89162299999998]"
522,bun,empty-single-enqueue,baseline,272173,2993903,59.00528699999995,0.00021679331528108944,21,,"[59.93623600000001, 59.00528699999995, 58.0992050000001, 58.443074000000024, 60.53548000000012, 59.47822599999995, 59.16907200000014, 58.68788800000016, 59.27267400000005, 59.867689000000155, 58.352886000000126, 58.8364039999999, 59.480269000000135, 59.82732499999997, 58.86086, 58.62492099999986, 58.61498299999994, 58.271684999999934, 60.105772000000115, 59.63325400000008, 58.8871979999999]"
523,bun,empty-single-enqueue,baseline,272173,2993903,59.08468800000014,0.00021708504517347474,21,,"[60.50909100000001, 58.82886400000007, 59.17424500000004, 60.58057699999995, 59.986773999999855, 59.64164299999993, 58.625966999999946, 58.76637700000015, 60.48836600000004, 59.08468800000014, 59.13636500000007, 60.2358670000001, 58.69458400000008, 59.2989070000001, 57.77903300000003, 58.69259099999999, 57.909486000000015, 58.74281300000007, 58.800891999999976, 60.87025500000004, 58.92138499999987]"
524,node,empty-single-enqueue,baseline,413936,4553296,64.81919500000004,0.00015659231137180634,21,,"[63.738662999999974, 65.30778399999997, 63.27546199999995, 65.72389999999996, 64.5327870000001, 65.0742130000001, 61.89513800000009, 67.45031700000004, 63.62340900000004, 64.05409800000007, 64.81919500000004, 67.05441100000007, 62.059352999999874, 68.02863699999989, 65.84251999999992, 64.52998200000002, 71.07502799999997, 66.34051399999998, 61.187594999999874, 67.59462099999996, 64.56395500000008]"
525,node,empty-single-enqueue,baseline,413936,4553296,64.70614999999998,0.00015631921359823736,21,,"[63.72790299999997, 65.767922, 64.33093300000007, 63.53257999999994, 64.772874, 64.95806700000003, 61.56986400000005, 67.22545800000012, 64.08876299999997, 64.02451399999995, 64.4074740000001, 67.11220800000001, 62.2675099999999, 68.01229000000012, 64.70614999999998, 64.25466099999994, 70.13460099999998, 65.37807799999996, 60.088032999999996, 66.50026200000002, 64.9115310000002]"
526,node,empty-single-enqueue,baseline,413936,4553296,65.35238500000014,0.00015788040904874217,21,,"[65.15328999999997, 65.85619599999995, 67.270712, 64.74053300000003, 65.62602800000013, 65.59138400000006, 62.82887299999993, 67.92690100000004, 64.98868199999993, 64.78819399999998, 64.11773599999992, 67.0309769999999, 62.61444499999993, 67.89405899999997, 65.13551099999995, 65.34789599999999, 70.98038999999994, 65.79629399999999, 61.261420000000044, 68.10065400000008, 65.35238500000014]"
527,node,empty-single-enqueue,baseline,413936,4553296,65.04673600000001,0.00015714201229175527,21,,"[63.71464199999991, 65.04673600000001, 63.81698200000005, 63.71019399999989, 65.060021, 65.28833399999985, 62.018692999999985, 67.38791400000014, 63.85874899999999, 63.925482999999986, 64.60165900000015, 67.01467100000013, 63.14183700000012, 68.96799800000008, 66.08938199999989, 64.80672000000004, 70.22075500000005, 65.32748700000002, 61.45647800000006, 67.65272600000003, 65.48292600000013]"
528,node,empty-single-enqueue,baseline,413936,4553296,64.6804360000001,0.00015625709288392433,21,,"[64.432996, 65.71464600000002, 64.42019300000004, 64.06213799999989, 64.6804360000001, 65.73287000000005, 62.332173999999895, 67.49702699999989, 63.38897700000007, 63.54297299999985, 64.12797899999987, 67.53386499999988, 62.50521600000002, 68.94691899999998, 64.98160499999994, 64.62080500000002, 70.10074200000008, 65.23412400000007, 61.07904600000006, 66.48096900000019, 65.17392199999995]"
529,node,empty-single-enqueue,candidate,413936,4553296,60.49858799999993,0.00014615444899694621,21,,"[65.44291199999998, 59.739970000000085, 59.639823999999976, 59.87165500000003, 61.414059000000066, 60.94047999999998, 58.10814900000014, 65.02028700000005, 60.134722999999894, 60.240109000000075, 60.539605000000165, 62.818528000000015, 58.2589089999999, 63.95250299999998, 60.113342999999986, 60.428057999999965, 66.71662100000003, 60.84877899999992, 56.562188000000106, 63.55875199999991, 60.49858799999993]"
530,node,empty-single-enqueue,candidate,413936,4553296,61.29252399999996,0.00014807246530864664,21,,"[65.108341, 59.908342999999945, 59.783592, 59.924072000000024, 61.50235399999997, 60.92129399999999, 58.128557, 63.30957999999987, 60.69894199999999, 60.772748999999976, 61.92419700000005, 63.240522000000055, 59.197742999999946, 64.451912, 61.24580700000001, 61.29252399999996, 67.55986399999983, 62.61684400000013, 59.23694599999999, 65.27871800000003, 61.39478400000007]"
531,node,empty-single-enqueue,baseline,413936,4553296,64.7950179999998,0.00015653390379189006,21,,"[64.948935, 65.90253499999994, 64.34516299999996, 63.77303100000006, 65.41974900000014, 65.23202100000003, 61.66988500000002, 67.27726900000016, 63.91255000000001, 63.65732600000001, 64.27719699999989, 67.22623399999998, 62.4909090000001, 68.17097799999988, 64.7950179999998, 64.09612099999981, 70.23963099999992, 65.07535000000007, 60.378124999999955, 66.86271899999997, 64.79141299999992]"
532,node,empty-single-enqueue,baseline,413936,4553296,64.58442800000012,0.00015602515364694086,21,,"[63.61081899999999, 64.73228299999994, 63.90847300000007, 63.702298999999925, 64.66115100000002, 64.94598000000019, 61.48024200000009, 67.87525000000005, 64.31084800000008, 63.69789100000003, 64.387201, 67.40550000000007, 62.77547800000002, 68.09930499999996, 64.90235800000005, 63.89094, 70.23477200000002, 65.37042700000006, 60.499471000000085, 66.91904099999988, 64.58442800000012]"
533,node,empty-single-enqueue,baseline,413936,4553296,65.19692899999995,0.00015750485340728992,21,,"[64.328933, 65.29268300000001, 64.77795800000001, 64.01723400000003, 65.06009099999983, 65.32411200000001, 62.01143900000011, 67.8914299999999, 64.28545299999996, 64.619283, 65.19692899999995, 67.44192199999998, 63.75865999999996, 69.00971499999991, 66.05542700000001, 64.72964400000001, 70.85567400000014, 65.66482099999985, 61.00245999999993, 68.18367999999987, 65.35287199999993]"
534,node,empty-single-enqueue,baseline,413936,4553296,57.26921500000003,0.0001383528250744077,21,,"[56.46721600000001, 58.968883000000005, 56.660664, 56.9419969999999, 57.280035, 56.51063600000009, 56.349677000000156, 60.44481399999995, 56.95569300000011, 57.23437100000001, 58.17799299999979, 57.046992000000046, 57.26126999999997, 57.9819379999999, 56.928533000000016, 61.250409999999874, 57.29742800000008, 57.470469000000094, 59.41606300000012, 57.26921500000003, 57.30165499999998]"
535,node,empty-single-enqueue,baseline,413936,4553296,61.77639799999997,0.00014924142379498274,21,,"[61.06522599999994, 61.80329700000004, 60.549879999999916, 60.789143999999965, 61.77639799999997, 61.843231999999944, 61.034288999999944, 64.68683399999986, 60.589983000000075, 60.52988200000004, 61.54890499999988, 64.328168, 61.197631999999885, 67.62609399999997, 62.29462000000012, 61.01191799999992, 67.18228900000008, 62.206666999999925, 62.30418800000007, 66.27366199999983, 61.759647000000086]"
536,node,empty-single-enqueue,candidate,413936,4553296,60.49228300000004,0.00014613921717366947,21,,"[64.86842200000001, 59.736087, 59.61298899999997, 59.803212999999914, 61.59128400000009, 61.191740999999865, 57.98041699999999, 62.64996999999994, 60.441197999999986, 60.491201000000046, 60.254069999999956, 63.44411600000012, 58.88614799999982, 64.58202000000006, 60.49228300000004, 60.19662299999982, 68.16387400000008, 62.22317799999996, 57.50632500000006, 64.39074400000004, 60.90964699999995]"
537,node,empty-single-enqueue,baseline,413936,4553296,65.59450500000003,0.000158465330389239,21,,"[64.79587100000003, 65.9417390000001, 63.72041300000001, 64.55181699999991, 65.80235999999991, 66.09427200000005, 63.42030599999998, 69.2654829999999, 63.675790000000006, 64.54063699999983, 64.73864400000002, 68.09483900000009, 63.32177200000001, 68.25988600000005, 66.06562000000008, 64.99551200000019, 71.29805899999997, 66.18340899999998, 61.340633000000025, 67.0021690000001, 65.59450500000003]"
538,node,empty-single-enqueue,baseline,413936,4553296,64.72855600000003,0.0001563733427389742,21,,"[63.81963699999994, 65.20270699999992, 63.699052999999935, 63.770255999999904, 64.72855600000003, 65.08056999999985, 62.482845, 67.97586799999999, 64.18112999999994, 64.11117899999999, 64.61940299999992, 67.60146199999986, 62.610431999999946, 68.07745599999998, 65.02426500000001, 64.41602599999987, 70.28448599999979, 66.12603100000001, 61.38238000000001, 67.58182600000009, 64.94522800000004]"
539,node,empty-single-enqueue,candidate,413936,4553296,61.12031400000001,0.00014765643481117857,21,,"[65.20013199999994, 61.12031400000001, 63.159732000000076, 60.16922599999998, 61.73934299999996, 61.1387279999999, 58.10560399999986, 63.304099999999835, 60.29767599999991, 59.91000600000007, 60.61020600000006, 63.15014400000018, 58.197535000000016, 63.5453779999998, 60.17184199999997, 60.14518199999998, 67.4566940000002, 61.779317999999876, 57.97513099999992, 63.87965000000008, 60.42093399999999]"
540,node,empty-single-enqueue,baseline,413936,4553296,65.06959099999995,0.0001571972261412391,21,,"[64.48638600000004, 65.66605700000002, 64.35922900000003, 64.51582099999996, 65.60721799999988, 66.17303900000002, 63.00046600000019, 68.35489200000006, 63.96790199999987, 64.67423499999995, 65.48005200000011, 67.73259599999983, 62.603828999999905, 68.92210899999986, 65.34731699999998, 64.41987399999994, 69.86912700000016, 65.06959099999995, 60.39295500000003, 66.4788689999998, 64.76831300000003]"
541,node,empty-single-enqueue,baseline,413936,4553296,64.75183199999992,0.000156429573653898,21,,"[64.85906799999998, 68.74119400000006, 64.42978299999993, 63.99853199999984, 64.75183199999992, 65.00581299999999, 61.66564900000003, 67.37523399999986, 63.75538099999994, 63.427572000000055, 64.2404919999999, 67.74642399999993, 62.703817999999956, 68.52420800000004, 65.61592599999994, 63.73800799999981, 70.03493400000002, 65.282197, 60.14302999999995, 67.42786199999978, 64.69121900000027]"
542,node,empty-single-enqueue,baseline,413936,4553296,65.05631699999981,0.00015716515838197162,21,,"[63.910318000000075, 65.10403600000006, 63.44511399999999, 63.45769799999994, 65.37344600000006, 66.19836800000007, 62.74820999999997, 68.53030999999987, 64.82674999999995, 64.71359099999995, 64.32264399999985, 67.17868799999997, 63.05874599999993, 69.07744600000001, 65.73602899999992, 65.05631699999981, 70.93697999999995, 65.51822500000003, 59.950362999999925, 66.5875309999999, 64.8600620000002]"
543,node,empty-single-enqueue,baseline,413936,4553296,64.67729299999996,0.00015624949992269326,21,,"[63.784484999999904, 65.00101400000005, 63.31224699999996, 63.352963000000045, 64.8101999999999, 64.67729299999996, 61.84895899999992, 67.63715100000013, 63.635316999999986, 63.591226000000006, 64.27199000000019, 67.773594, 63.34140100000013, 68.59754399999997, 65.50707399999988, 64.09839799999986, 70.35904600000003, 65.05499400000008, 60.239149, 66.9045699999997, 64.78581399999985]"
544,node,empty-single-enqueue,candidate,413936,4553296,61.229401999999936,0.00014791997313594356,21,,"[65.14870199999996, 60.066040000000044, 60.19345699999997, 60.86377200000004, 62.46606899999995, 61.229401999999936, 59.082582999999886, 64.38088600000015, 61.12015899999983, 60.855387000000064, 61.72746600000005, 64.03028400000017, 59.03279099999986, 64.79945300000009, 61.32647199999997, 61.14897300000007, 67.44391499999983, 62.13718800000015, 58.49950100000001, 63.586941000000024, 60.85884299999998]"
545,node,empty-single-enqueue,baseline,413936,4553296,64.54895800000008,0.00015593946407174076,21,,"[63.97145499999999, 66.12262200000009, 66.37026100000003, 64.47572200000002, 64.32567399999994, 64.54895800000008, 61.41645799999992, 68.32942000000003, 64.51585599999999, 64.07704099999978, 64.08790099999987, 67.30063999999993, 62.00794799999994, 67.78361700000005, 65.43919200000005, 64.09907199999998, 71.07906900000012, 65.03718400000002, 60.721637999999984, 66.88294400000018, 64.69268500000044]"
546,node,empty-single-enqueue,baseline,413936,4553296,65.0569509999998,0.0001571666900197127,21,,"[63.77895799999999, 65.12582900000007, 63.86554799999999, 63.887609999999995, 65.02582400000006, 65.41517700000009, 62.358608000000004, 67.41683599999988, 63.99658200000022, 63.836725000000115, 64.6436839999999, 67.18356199999994, 62.651051999999936, 68.8832789999999, 65.907332, 65.0569509999998, 71.20180700000014, 66.33909400000016, 61.25182300000006, 67.50886700000001, 65.26995799999986]"
547,node,empty-single-enqueue,candidate,413936,4553296,61.76759199999992,0.00014922014997487517,21,,"[64.95790799999997, 63.30085900000006, 60.27623100000005, 60.412915, 61.99308000000008, 61.82619100000011, 59.452841000000035, 63.91454999999996, 60.78483600000004, 60.9510150000001, 61.76759199999992, 63.81276500000013, 60.23497999999995, 64.84258799999998, 61.00002099999983, 61.640300000000025, 67.75803300000007, 61.86263299999996, 56.92289800000003, 63.92009400000006, 61.672979999999825]"
548,node,empty-single-enqueue,baseline,413936,4553296,64.79781400000002,0.00015654065845927876,21,,"[64.77036399999997, 65.04149699999994, 63.661024, 63.745870999999966, 64.78733499999998, 65.86036899999999, 62.91735199999994, 68.10174099999995, 64.79781400000002, 64.53706999999986, 64.40657799999985, 67.56859099999997, 62.79193899999996, 68.26622699999984, 65.07342700000004, 64.49136599999997, 70.82897700000012, 65.52357200000006, 60.503508999999895, 66.97340600000007, 65.0285429999999]"
549,node,empty-single-enqueue,baseline,413936,4553296,64.50838699999986,0.0001558414513354718,21,,"[63.97142000000008, 64.92982000000006, 63.66414899999995, 63.901800000000094, 64.60074899999995, 64.89222999999993, 61.70326699999987, 67.20122900000001, 63.729229999999916, 63.586585000000014, 64.188132, 66.92420399999992, 62.272380999999996, 67.93095399999993, 64.90921099999991, 64.32561800000008, 70.14208099999996, 65.08175299999994, 61.261053000000175, 66.47771500000022, 64.50838699999986]"
550,node,empty-single-enqueue,baseline,413936,4553296,64.641795,0.00015616374270418617,21,,"[64.134413, 64.99818700000003, 63.705557, 63.87538099999995, 64.641795, 65.02070800000001, 64.96909200000005, 67.68363499999987, 63.81118199999992, 63.78857999999991, 64.19030699999985, 66.95372900000007, 62.1655760000001, 67.95017000000007, 64.64280699999995, 64.19330200000013, 70.76403699999992, 65.64263400000004, 60.090973000000076, 66.63131999999996, 64.38076000000001]"
551,node,empty-single-enqueue,baseline,413936,4553296,65.3839539999999,0.00015795667446175232,21,,"[65.32081599999992, 65.74360200000001, 65.01343599999996, 64.1831840000001, 66.28219200000012, 66.19525999999996, 62.499266000000034, 67.64319, 65.93413600000008, 65.24118900000008, 65.20299799999998, 68.02421699999991, 63.67121300000008, 69.28376800000001, 65.3839539999999, 64.55049600000007, 70.93175799999995, 66.31581500000016, 61.791561999999885, 67.11385700000005, 64.91253899999992]"
552,node,empty-single-enqueue,baseline,413936,4553296,68.35193700000002,0.00016512682395346145,21,,"[67.25838499999998, 68.35193700000002, 66.885403, 67.04227400000013, 68.66574999999989, 68.84712600000012, 65.14265599999999, 71.30639500000007, 66.96666299999993, 67.77524600000015, 68.36628399999995, 71.23437000000013, 66.60746699999982, 72.31679099999997, 68.38843399999996, 67.51693499999988, 67.39153299999998, 69.19991200000004, 64.51149299999975, 70.68878700000005, 68.85638400000016]"
553,node,empty-single-enqueue,candidate,413936,4553296,60.64940999999999,0.00014651880967106023,21,,"[65.97536200000002, 60.22684600000002, 60.06748900000002, 60.50685499999997, 61.29833600000006, 60.98350000000005, 58.442129999999906, 63.46044200000006, 60.19584699999996, 60.18297299999995, 60.462964000000056, 62.85078900000008, 58.18323999999984, 64.32583799999998, 60.64940999999999, 61.41884899999991, 66.92910400000005, 61.861311000000114, 57.855981000000156, 63.77414399999998, 60.59956699999998]"
554,node,empty-single-enqueue,candidate,413936,4553296,61.349920999999995,0.00014821112684086426,21,,"[65.91196500000001, 61.02274399999999, 60.98335999999995, 61.03401399999996, 62.19805699999995, 61.349920999999995, 59.6139270000001, 64.06488400000012, 61.03502700000013, 64.5237669999999, 61.181970999999976, 63.78406300000006, 58.48477099999991, 64.06126800000015, 60.356506999999965, 60.753713999999945, 66.47250699999995, 62.06352800000013, 58.43806300000006, 65.21829700000012, 61.99430899999993]"
555,node,empty-single-enqueue,baseline,413936,4553296,64.97194999999988,0.00015696134184994752,21,,"[65.15222500000004, 65.40787, 63.628855000000044, 63.56082800000013, 64.94296600000007, 64.98103600000013, 62.70437700000002, 68.12047799999982, 64.89449600000012, 64.77140700000018, 65.15223499999979, 68.10233399999993, 63.71651799999995, 68.74463700000001, 64.97194999999988, 64.82200200000011, 70.59337099999993, 66.62620200000015, 61.08160300000009, 67.08071699999982, 64.64967100000013]"
556,bun,min-worsening-4096-enqueue,baseline,31,341,64.01664499999993,2.0650530645161265,21,,"[63.878026999999975, 63.345819000000006, 63.806364999999914, 58.69590200000016, 68.34885200000008, 63.41827399999988, 64.30657399999996, 64.38452899999993, 60.36412099999984, 69.1653389999999, 64.75507700000003, 64.71208700000011, 65.08807500000012, 60.98613599999999, 70.12028199999986, 63.693786000000046, 64.01664499999993, 63.96896700000025, 59.4620359999999, 70.15273200000001, 65.75075599999991]"
557,bun,min-worsening-4096-enqueue,baseline,31,341,64.51595300000008,2.081159774193551,21,,"[63.44046500000002, 63.332694999999944, 63.958867000000055, 59.644875000000184, 68.577133, 63.30035399999997, 64.52199400000018, 64.9361429999999, 60.52423799999997, 68.249057, 64.51990999999998, 64.51595300000008, 64.29038400000013, 60.972610999999915, 69.11867200000006, 64.94199500000013, 64.42696699999988, 64.81274399999984, 60.57486299999982, 69.30938600000036, 64.62895299999991]"
558,bun,min-worsening-4096-enqueue,baseline,31,341,64.8712529999998,2.0926210645161225,21,,"[66.390715, 66.42103099999997, 66.28036100000008, 61.97033400000009, 71.54708299999993, 64.90401299999985, 65.6584049999999, 65.79806499999995, 61.64817599999992, 70.9957730000001, 64.37645399999997, 64.51541199999997, 64.80953799999997, 60.575106000000005, 70.59400000000005, 64.8712529999998, 64.53297500000008, 66.10857099999976, 60.91136800000004, 63.69217199999957, 64.79457000000002]"
559,bun,min-worsening-4096-enqueue,baseline,31,341,64.20232099999976,2.071042612903218,21,,"[63.70592799999997, 63.97950700000001, 64.31207499999994, 59.530312000000094, 69.2017870000002, 64.18788299999983, 66.473389, 64.48611699999992, 59.59003299999995, 68.76307199999997, 64.22560399999998, 63.672536000000036, 64.53548899999987, 59.81419000000005, 69.78596199999993, 64.09616299999993, 64.2179799999999, 64.14663699999983, 59.3458099999998, 69.03366400000004, 64.20232099999976]"
560,bun,min-worsening-4096-enqueue,baseline,31,341,65.15151300000002,2.10166170967742,21,,"[64.95656099999997, 64.43936000000008, 65.02186299999994, 60.47086999999988, 70.83393799999999, 65.46916299999998, 65.45676099999991, 66.07193400000006, 61.808944999999994, 70.8038919999999, 65.15151300000002, 64.54157099999998, 65.45324400000004, 60.747122999999874, 63.83036899999979, 65.15149399999996, 65.8442100000002, 65.81592799999999, 66.18416200000001, 65.84881899999982, 61.7245740000003]"
561,bun,min-worsening-4096-enqueue,candidate,31,341,64.41638899999998,2.077948032258064,21,,"[63.785646999999926, 64.019362, 63.2646289999999, 59.210297999999966, 68.68267300000002, 63.39096399999994, 63.0725930000001, 64.09210600000006, 59.28424499999983, 68.90992600000004, 64.62570800000003, 64.41638899999998, 64.9826109999999, 60.61759200000006, 69.41587600000003, 65.15798700000005, 64.96926600000006, 65.80009900000005, 60.796213999999964, 69.8487399999999, 64.50489400000015]"
562,bun,min-worsening-4096-enqueue,candidate,31,341,64.11758399999997,2.0683091612903213,21,,"[64.87110300000006, 64.11758399999997, 64.55119900000011, 59.11440000000016, 68.87026199999991, 64.49970299999995, 64.25849500000004, 64.459249, 60.18033999999989, 61.95778099999984, 63.76592000000005, 63.5885310000001, 63.61540100000002, 63.059248000000025, 63.34084100000018, 59.388468999999986, 69.77122599999984, 64.64551500000016, 65.06530500000008, 64.7147729999997, 60.02070300000014]"
563,bun,min-worsening-4096-enqueue,baseline,31,341,66.44951600000013,2.143532774193553,21,,"[65.49349900000004, 65.36843799999997, 65.77251799999988, 60.734588999999914, 72.03600299999994, 66.63180399999987, 66.44951600000013, 66.60817999999995, 62.11187799999993, 71.06752500000016, 66.70079200000009, 66.14317700000015, 66.57186200000001, 62.245677000000114, 70.47494299999994, 66.65605899999991, 66.16070900000022, 66.72225200000003, 62.325574999999844, 70.37129099999993, 65.36986000000024]"
564,bun,min-worsening-4096-enqueue,candidate,31,341,63.27158200000008,2.041018774193551,21,,"[63.260381999999936, 62.93687, 63.72277100000008, 58.880736999999954, 68.69476499999996, 63.3072380000001, 62.891034999999874, 63.899317999999994, 58.934196000000156, 68.56586599999991, 63.224705000000085, 62.957177999999885, 63.994253999999955, 59.071210000000065, 67.97080000000005, 63.27158200000008, 62.668873000000076, 63.3549559999999, 59.124898999999914, 70.01127799999995, 64.57418199999984]"
565,bun,min-worsening-4096-enqueue,baseline,31,341,67.01483400000006,2.1617688387096794,21,,"[66.92075999999997, 67.14513699999998, 66.81717800000001, 63.016628999999966, 71.24780699999997, 67.01483400000006, 67.0330590000001, 66.90234599999985, 63.02239000000009, 71.2766610000001, 67.40310499999987, 66.87344200000007, 66.8465920000001, 62.45129800000018, 72.04211299999997, 67.03667500000029, 67.21567800000003, 67.05198400000018, 62.842845000000125, 70.53099500000008, 65.3200969999998]"
566,bun,min-worsening-4096-enqueue,baseline,31,341,63.66024400000015,2.053556258064521,21,,"[63.65915200000006, 65.49679600000002, 63.13994700000012, 61.59233199999994, 62.12528300000008, 67.48024999999984, 63.66024400000015, 66.52073700000005, 60.470800000000054, 68.52623199999994, 63.592218, 63.614679000000024, 64.90460600000006, 59.207051999999976, 70.902155, 63.864012999999886, 66.14468899999974, 63.79476399999976, 61.57360900000003, 69.47382299999981, 63.24559399999998]"
567,bun,min-worsening-4096-enqueue,candidate,31,341,64.35847100000001,2.0760797096774195,21,,"[64.35847100000001, 64.10727400000007, 64.22710699999993, 60.26560900000004, 68.67353600000001, 64.48965500000008, 64.02561400000013, 64.79064399999993, 60.18166300000007, 68.71376099999998, 64.17342800000006, 63.39800800000012, 64.11047099999996, 60.32876699999997, 68.48583799999983, 65.48011399999996, 65.28366000000005, 64.77636799999982, 60.5360010000004, 68.70974299999989, 65.36564199999975]"
568,bun,min-worsening-4096-enqueue,baseline,31,341,64.17132500000002,2.0700427419354845,21,,"[65.42723699999999, 64.19051000000002, 64.20652900000005, 59.63151199999993, 62.74772000000007, 63.90301599999998, 63.794313999999986, 64.06856300000004, 60.18709399999989, 68.819387, 64.7157259999999, 63.92696000000001, 64.17132500000002, 64.42278099999999, 59.85177099999987, 68.91044600000009, 64.36611600000015, 64.25975799999969, 65.13585599999988, 64.06749100000025, 60.17322699999977]"
569,bun,min-worsening-4096-enqueue,baseline,31,341,64.30151599999999,2.074242451612903,21,,"[65.78228899999999, 63.622834999999895, 63.731997999999976, 59.27599200000009, 69.05781000000002, 63.92466300000001, 63.753156999999874, 63.97616199999993, 59.337635999999975, 69.69099600000004, 64.35661899999991, 64.30151599999999, 64.5346390000002, 59.633044000000154, 71.31868000000009, 64.99912199999994, 65.03238299999998, 64.18853600000011, 64.31155500000023, 60.28897300000017, 69.43688399999974]"
570,bun,min-worsening-4096-enqueue,baseline,31,341,64.9526509999996,2.0952468064516,21,,"[64.64392199999998, 64.83746999999994, 62.25197400000002, 70.55926399999998, 64.5963999999999, 64.73281199999997, 65.25917000000004, 60.88423399999988, 69.75012199999992, 65.13860599999998, 64.79112099999998, 65.83476900000005, 65.09548599999994, 60.69409100000007, 69.6547149999999, 64.98319800000013, 64.80380400000013, 65.38918100000001, 64.9526509999996, 60.91727600000013, 70.4026429999999]"
571,bun,min-worsening-4096-enqueue,baseline,31,341,65.07516799999985,2.0991989677419305,21,,"[64.87032799999997, 65.09721000000002, 64.83310799999992, 60.896978999999874, 69.57333299999982, 65.30823199999986, 65.07516799999985, 65.28656099999989, 60.88851199999999, 62.92315100000019, 65.27344700000003, 64.92432800000006, 65.11622499999999, 65.15919500000018, 65.33146499999998, 61.1486359999999, 63.09431900000027, 64.92547100000002, 65.27136300000029, 65.18263800000022, 65.04377000000022]"
572,bun,min-worsening-4096-enqueue,baseline,31,341,64.27634399999988,2.073430451612899,21,,"[63.63925100000006, 63.88322700000003, 64.27634399999988, 59.35590499999989, 68.40339000000017, 64.84705499999995, 63.72582300000022, 63.916066, 59.650401999999985, 68.22203300000001, 63.419983999999886, 63.85795700000017, 64.51903599999991, 59.82622900000001, 69.68880799999988, 65.46363900000006, 65.63146200000006, 66.48510799999985, 60.98969100000022, 70.1721749999997, 65.5146450000002]"
573,bun,min-worsening-4096-enqueue,candidate,31,341,63.409026999999696,2.045452483870958,21,,"[63.086824999999976, 62.93788900000004, 58.60219600000005, 69.79564899999991, 64.83924000000002, 64.83831800000007, 64.85348700000009, 60.90323999999987, 68.60111000000006, 63.58355000000006, 63.2287409999999, 63.20101, 58.74262900000008, 69.743021, 64.54113900000016, 64.63740699999994, 64.32070999999996, 60.22296899999992, 61.76765800000021, 63.409026999999696, 63.06426499999998]"
574,bun,min-worsening-4096-enqueue,candidate,31,341,63.77819099999988,2.057360999999996,21,,"[69.39040499999999, 63.48646000000008, 64.05570699999998, 63.41957500000012, 59.882474999999886, 68.27794400000016, 63.237558000000035, 63.590654000000086, 64.360273, 59.39444000000003, 69.27196499999991, 63.77819099999988, 64.40007700000001, 63.99177799999984, 59.27328499999999, 68.73939599999994, 63.889848999999685, 63.316953999999896, 63.370504999999866, 59.27983600000016, 68.99261699999988]"
575,bun,min-worsening-4096-enqueue,baseline,31,341,65.44728200000009,2.1112026451612933,21,,"[65.71364699999992, 65.36294599999997, 65.46764000000007, 65.44728200000009, 65.88741900000014, 61.06197599999996, 63.05749300000002, 65.65800300000001, 65.44432699999993, 65.61424199999988, 65.26837, 65.77094299999999, 59.877557000000024, 69.44433600000002, 64.45413700000017, 64.957355, 64.57287799999995, 60.69806000000017, 70.64085599999999, 65.83101399999987, 65.7800900000002]"
576,bun,min-worsening-4096-enqueue,baseline,31,341,65.7740580000002,2.121743806451619,21,,"[65.227173, 65.557366, 66.29580799999997, 61.417015999999876, 69.97731599999997, 64.85239700000011, 64.82369300000005, 65.7740580000002, 61.28303800000003, 70.31106600000021, 66.00070000000005, 66.11672500000009, 65.93855400000007, 61.86460699999998, 70.43717000000015, 66.18652499999985, 65.45214099999998, 66.36494600000015, 60.437276999999995, 70.3306419999999, 64.9746540000001]"
577,bun,min-worsening-4096-enqueue,baseline,31,341,64.73249299999998,2.08814493548387,21,,"[62.85609899999997, 64.564572, 64.35554400000001, 64.40010600000005, 60.26770099999999, 68.82800599999996, 63.85133799999994, 64.09925799999996, 64.73249299999998, 59.99075700000003, 70.171607, 65.65795300000013, 65.20976100000007, 65.73145899999986, 61.11796099999992, 62.89433000000008, 66.1841609999999, 65.77880800000003, 65.37000799999987, 65.44928600000003, 65.99681200000032]"
578,bun,min-worsening-4096-enqueue,baseline,31,341,64.30986900000005,2.074511903225808,21,,"[64.23004099999991, 64.34199899999999, 64.30986900000005, 60.31459799999993, 69.37257599999998, 64.68791099999999, 63.343254000000115, 66.66545999999994, 59.787168000000065, 68.64605299999994, 63.39873699999998, 63.24196499999994, 63.80135499999983, 59.150366000000076, 69.24735999999984, 63.791455999999926, 65.06282799999985, 64.69776899999988, 65.4529620000003, 60.10129199999983, 68.84323900000027]"
579,bun,min-worsening-4096-enqueue,baseline,31,341,64.07112600000005,2.066810516129034,21,,"[63.53344699999991, 63.31752599999993, 63.723771000000056, 58.961966000000075, 67.97223099999997, 64.07112600000005, 64.48610599999984, 64.47328300000004, 60.201839000000064, 69.08354499999996, 64.78297799999996, 64.25177099999996, 64.74408600000015, 60.178004999999985, 68.30935799999997, 63.54417599999988, 63.42514599999981, 63.469618999999966, 59.582026999999925, 69.21174700000029, 64.2154959999998]"
580,bun,min-worsening-4096-enqueue,baseline,31,341,66.23383400000012,2.1365752903225843,21,,"[66.93638899999996, 66.27595200000007, 66.53679699999998, 62.49217499999986, 70.85943800000018, 66.51842299999998, 66.23383400000012, 66.513283, 62.255675999999994, 70.48277499999995, 65.11992600000008, 65.18902399999979, 65.46303199999988, 61.50960000000009, 71.10502199999996, 65.95388399999979, 65.50560200000018, 67.00211099999979, 62.91080299999976, 70.49575000000004, 65.88257199999998]"
581,bun,min-worsening-4096-enqueue,baseline,31,341,65.07191599999987,2.099094064516125,21,,"[65.54112799999996, 65.38585899999998, 64.58990099999994, 61.406508999999915, 70.218615, 64.46898599999986, 66.36660100000017, 66.08271400000012, 62.39527500000008, 70.403728, 64.66649299999995, 65.26153900000008, 65.25546799999984, 63.05587199999991, 64.23791699999992, 65.07191599999987, 64.8882450000001, 65.27886099999978, 64.78393099999994, 65.32397500000025, 60.50598600000012]"
582,bun,min-worsening-4096-enqueue,baseline,31,341,64.94490399999995,2.094996903225805,21,,"[65.49307800000008, 64.44975099999999, 64.45746500000007, 60.34831300000019, 70.65810099999999, 64.47511800000007, 64.4446109999999, 64.44107400000007, 60.271930999999995, 69.4155229999999, 64.90981599999986, 64.94490399999995, 66.7065419999999, 61.95566900000017, 71.288092, 65.56650400000012, 65.20316000000003, 65.46198099999992, 65.66814299999987, 60.962143999999626, 71.36213799999996]"
583,bun,min-worsening-4096-enqueue,baseline,31,341,64.43751499999985,2.0786295161290274,21,,"[65.57179100000008, 63.961430000000064, 64.33854099999996, 60.16417700000011, 70.88739400000009, 64.598704, 64.38718100000006, 64.4002660000001, 60.82402400000001, 63.79511200000002, 64.92248600000016, 64.51536899999996, 64.43751499999985, 66.091136, 64.57198400000016, 60.079169999999976, 70.32511, 66.11109299999998, 64.36324700000023, 64.77211699999998, 60.153777999999875]"
584,bun,min-worsening-4096-enqueue,candidate,31,341,64.40109700000016,2.077454741935489,21,,"[64.485543, 63.92118500000004, 63.975926999999956, 64.52098000000001, 60.28906899999993, 68.27405099999987, 64.40109700000016, 63.77687700000001, 64.64006999999992, 59.8739579999999, 68.70914799999991, 64.727713, 64.1416549999999, 64.68700799999988, 60.268461000000116, 68.77449000000001, 63.385209999999915, 64.19393200000013, 64.75797999999986, 60.09079100000008, 69.50603899999987]"
585,bun,min-worsening-4096-enqueue,baseline,31,341,63.69239000000016,2.0545932258064568,21,,"[63.61108899999999, 63.533825999999976, 63.579530999999974, 59.924232000000075, 68.95834200000013, 64.1454319999998, 63.69239000000016, 63.91777899999988, 59.96879399999989, 62.75629200000003, 64.04099800000017, 64.15534000000002, 63.85816900000009, 63.80039099999999, 63.54115999999999, 59.774783999999954, 68.9758340000003, 63.60381600000028, 64.04301200000009, 63.823493999999755, 59.76776199999995]"
586,bun,min-worsening-4096-enqueue,baseline,31,341,65.78038700000002,2.121947967741936,21,,"[65.59931000000006, 65.409898, 66.47806199999991, 63.30305699999985, 70.13514299999997, 64.48994999999991, 65.31426100000022, 65.78038700000002, 61.00002900000004, 71.32315500000004, 66.13265000000001, 65.90669000000003, 66.08158600000002, 61.20768500000008, 70.40514400000006, 65.90983699999992, 65.64748899999995, 65.92618700000003, 61.6210329999999, 70.08567099999982, 64.46952199999987]"
587,bun,min-worsening-4096-enqueue,candidate,31,341,64.20483999999988,2.071123870967738,21,,"[64.48852799999997, 64.10696900000005, 64.22377600000004, 64.31460500000003, 59.24266699999998, 69.86828800000012, 64.74038500000006, 63.67460600000004, 64.20483999999988, 64.77359699999988, 60.25380400000017, 68.76934600000004, 64.86451599999987, 64.09040800000002, 62.9287710000001, 63.613472999999885, 59.045048999999835, 68.40799500000026, 64.91658200000029, 63.80970699999989, 63.73403599999983]"
588,node,min-worsening-4096-enqueue,baseline,38,418,66.02375900000015,1.7374673421052673,21,,"[65.072361, 65.37974300000008, 66.36323900000002, 65.0721309999999, 64.24239000000011, 65.96879600000011, 64.60457300000007, 66.83949400000006, 65.82768399999986, 66.02375900000015, 65.90882499999998, 75.96525399999996, 67.1296319999999, 67.40622600000006, 65.70197099999996, 67.33996799999977, 65.22395499999993, 66.3056959999999, 66.07723100000021, 66.47149300000001, 66.32113400000026]"
589,node,min-worsening-4096-enqueue,baseline,38,418,64.52888800000005,1.6981286315789488,21,,"[63.116415000000075, 64.13823200000002, 64.32593100000008, 63.817928000000165, 64.29952200000002, 64.52888800000005, 65.14610399999992, 68.81989699999986, 64.25223399999982, 64.46636200000012, 64.05299500000001, 64.74596100000008, 64.15689700000007, 63.98878400000012, 65.47439400000007, 65.37335600000006, 66.14392700000008, 65.86078199999974, 65.85151399999995, 65.56286900000032, 66.59440700000005]"
590,node,min-worsening-4096-enqueue,baseline,38,418,63.35530799999992,1.667244947368419,21,,"[61.77401100000009, 62.35711399999991, 63.73588399999994, 63.47321699999998, 63.12046199999986, 62.43927699999995, 63.89904799999999, 63.50685999999996, 63.990228000000116, 62.50532899999985, 63.17602499999998, 63.35530799999992, 62.220419999999876, 62.60116700000003, 63.986580000000004, 62.89665599999989, 63.984136000000035, 62.894150999999965, 64.35118800000009, 63.85641799999985, 64.58683500000006]"
591,node,min-worsening-4096-enqueue,baseline,38,418,63.371468999999934,1.6676702368421035,21,,"[61.88443600000005, 62.39510400000006, 62.119703999999956, 63.30153799999994, 63.20489900000007, 62.493476999999984, 64.05819399999996, 62.807771, 63.35863499999982, 63.28109000000018, 63.22063800000001, 63.420388999999886, 63.558185000000094, 63.40608199999997, 63.371468999999934, 63.86743000000001, 64.84042599999975, 63.60428000000002, 65.03257300000041, 63.77832400000034, 64.0502120000001]"
592,node,min-worsening-4096-enqueue,baseline,38,418,62.94730000000004,1.6565078947368432,21,,"[62.91680299999996, 64.74958300000003, 61.584388999999874, 61.39342399999987, 62.39071899999999, 62.62390900000014, 62.371520000000146, 62.06680400000005, 62.94730000000004, 62.98597100000006, 62.34998000000019, 62.67586499999993, 62.72024699999997, 63.29539599999998, 63.16362099999992, 63.70827200000008, 66.0953870000003, 64.21412199999986, 64.54079899999988, 64.20703999999978, 64.4463639999999]"
593,node,min-worsening-4096-enqueue,candidate,38,418,65.48549400000002,1.723302473684211,21,,"[64.02467000000001, 65.27456199999995, 65.21044200000006, 64.49718800000005, 66.22302300000001, 64.92343000000005, 65.00304699999992, 65.87473599999998, 65.82382200000006, 67.43577499999992, 65.56638299999986, 65.48549400000002, 65.71310700000004, 64.56276000000003, 66.20948799999996, 64.73467899999991, 66.011841, 65.58309500000041, 64.69368200000008, 65.93537900000001, 65.00577299999986]"
594,node,min-worsening-4096-enqueue,candidate,38,418,60.54613999999992,1.5933194736842085,21,,"[59.5425570000001, 59.009626000000026, 59.86694800000009, 59.87297000000012, 60.478254000000106, 59.82690400000001, 59.34283500000015, 59.96329700000001, 60.54613999999992, 60.74980800000003, 60.29960200000005, 60.02457099999992, 61.18535700000007, 61.52995699999997, 62.089827000000014, 62.24114799999984, 61.39594799999986, 61.47769999999991, 62.61287799999991, 62.569536999999855, 63.04052300000012]"
595,node,min-worsening-4096-enqueue,baseline,38,418,62.08201199999985,1.6337371578947328,21,,"[61.80008899999996, 60.30356699999993, 61.440745000000106, 61.55923000000007, 61.368707000000086, 61.186778000000004, 61.512203, 62.37342200000012, 61.64871599999992, 62.08201199999985, 61.778917999999976, 61.77474099999995, 63.847078999999894, 63.00052699999992, 62.62784600000009, 62.62480000000005, 62.64340399999992, 64.22033199999987, 62.43514700000014, 62.68270699999994, 62.99558799999977]"
596,node,min-worsening-4096-enqueue,candidate,38,418,61.725639,1.6243589210526317,21,,"[58.93595800000003, 58.625831999999946, 59.65753900000004, 59.41420700000003, 60.13662799999997, 60.20870500000001, 61.107540999999856, 61.563007999999854, 62.990248000000065, 62.282592999999906, 61.725639, 61.723334999999906, 61.95420399999989, 63.02191700000003, 62.7517949999999, 62.370477000000164, 61.56318800000031, 62.324401999999736, 62.07948699999997, 62.32208700000001, 62.102318000000196]"
597,node,min-worsening-4096-enqueue,baseline,38,418,63.42390299999988,1.6690500789473652,21,,"[61.40889100000004, 60.851125000000025, 61.718996999999945, 61.23838500000011, 62.849058000000014, 61.71127300000012, 61.36856599999987, 64.13114700000006, 65.50871499999994, 62.731718, 61.74610699999994, 63.191761999999926, 63.51253900000006, 64.057139, 65.04589499999997, 64.84271899999999, 63.42390299999988, 63.711467000000084, 64.18371500000012, 63.948267000000214, 64.23253599999998]"
598,node,min-worsening-4096-enqueue,baseline,38,418,62.90487200000007,1.6553913684210544,21,,"[61.67610000000002, 61.70508399999994, 62.50696300000004, 61.938447, 62.90487200000007, 61.368979999999965, 61.23119400000019, 62.00551199999995, 63.390863999999965, 63.746736000000055, 62.89909200000011, 62.324303999999984, 62.02065999999991, 63.015628000000106, 62.94381499999986, 63.196264000000156, 63.165535999999975, 63.661657000000105, 64.17993999999999, 65.00668599999972, 64.97458600000027]"
599,node,min-worsening-4096-enqueue,candidate,38,418,61.9398799999999,1.6299968421052606,21,,"[59.47986100000003, 59.63317699999993, 60.09367099999986, 60.49804300000005, 60.977754000000004, 60.46696400000019, 60.44535500000006, 60.73736699999995, 61.9398799999999, 61.144513999999845, 60.990736999999854, 62.33754799999997, 62.35424000000012, 62.86138200000005, 62.84021199999984, 62.452782999999954, 62.33252000000016, 63.306347999999616, 63.542415999999776, 62.98917900000015, 62.40852099999984]"
600,node,min-worsening-4096-enqueue,baseline,38,418,65.78134399999999,1.7310879999999997,21,,"[65.10783400000003, 65.32281199999989, 65.14390099999991, 65.91744800000015, 65.78134399999999, 64.78860099999997, 64.44560300000012, 64.68730200000005, 64.37905999999998, 66.55714499999999, 64.81586099999981, 65.10818400000016, 66.54816800000003, 65.69781899999998, 66.87845099999981, 66.64265300000034, 66.57209300000022, 67.09512399999994, 66.46586500000012, 67.83734299999969, 66.4449569999997]"
601,node,min-worsening-4096-enqueue,baseline,38,418,63.906938999999966,1.6817615526315781,21,,"[61.228612999999996, 63.277620999999954, 63.084209999999985, 63.861094000000094, 64.12379299999998, 63.018027000000075, 63.906938999999966, 62.96792499999992, 63.79871800000001, 63.7695040000001, 64.14793700000018, 63.85365100000013, 63.5441850000002, 66.61831699999993, 64.24088000000006, 64.63848800000005, 64.40562600000021, 64.2493559999998, 66.46612400000004, 64.27316999999994, 65.357665]"
602,node,min-worsening-4096-enqueue,baseline,38,418,63.62831199999982,1.67442926315789,21,,"[62.989224000000036, 62.892573999999854, 63.10510899999986, 63.546469000000116, 62.96345599999995, 63.19140900000002, 63.646045000000186, 62.848974000000226, 63.703600999999935, 63.62831199999982, 63.23156400000016, 63.509230000000116, 63.10786400000006, 64.55940099999998, 64.10199200000011, 64.02865499999984, 63.68261199999961, 63.7573010000001, 66.2956479999998, 65.91783499999974, 63.68029800000022]"
603,node,min-worsening-4096-enqueue,baseline,38,418,62.86155000000008,1.6542513157894758,21,,"[60.67984799999999, 60.482021000000145, 61.444387000000006, 61.21582400000011, 62.083425000000034, 61.83803899999998, 61.02855599999998, 64.35324999999989, 62.636401000000205, 62.99278299999992, 61.92642300000011, 62.135410999999976, 63.144955999999866, 63.97264300000006, 67.37671399999999, 65.32851099999993, 64.84372100000019, 62.86155000000008, 63.1714649999999, 63.403385999999955, 63.7748059999999]"
604,node,min-worsening-4096-enqueue,baseline,38,418,63.01370299999985,1.6582553421052593,21,,"[62.80895200000009, 62.828869000000054, 63.30762800000002, 63.01370299999985, 62.07268500000009, 61.69807999999989, 63.07650999999987, 61.94288399999982, 63.43549599999983, 62.752116000000115, 62.31371300000001, 62.40645499999982, 62.86457600000017, 63.48950599999989, 63.5248610000001, 63.65393099999983, 63.27324499999986, 62.8529639999997, 65.48765700000013, 63.468456999999944, 64.70121699999982]"
605,node,min-worsening-4096-enqueue,baseline,38,418,66.20094900000004,1.7421302368421063,21,,"[64.16587200000004, 65.09762300000011, 65.78752400000008, 65.443986, 65.74700899999993, 65.9384140000002, 65.68326000000002, 67.15296999999987, 65.84880700000008, 66.51268099999993, 66.60973100000001, 66.20094900000004, 66.44285100000002, 65.29047100000003, 65.69230700000026, 67.58837799999992, 66.85446599999977, 66.95992099999967, 67.36310999999978, 68.11005800000021, 66.35130100000015]"
606,node,min-worsening-4096-enqueue,baseline,38,418,62.75462199999993,1.6514374210526297,21,,"[61.32443599999999, 61.76351100000011, 60.97206099999994, 60.995573999999806, 61.35817799999995, 61.10459700000001, 61.46358400000008, 63.415477999999894, 61.7777880000001, 63.53233599999999, 63.27164199999993, 62.01779299999998, 62.40047400000003, 62.75462199999993, 64.28088600000001, 64.79337799999985, 63.83701199999996, 63.71565699999974, 64.97404499999993, 64.7830799999997, 65.22764700000016]"
607,node,min-worsening-4096-enqueue,baseline,38,418,64.72204599999986,1.7032117368421016,21,,"[63.38537100000008, 63.11775299999988, 64.05669899999998, 64.93161499999997, 64.24138200000016, 64.01608400000009, 67.66644100000008, 64.61895499999991, 64.0877579999999, 64.72204599999986, 64.3717059999999, 64.61276300000009, 65.18358399999988, 64.62816199999997, 65.33596799999987, 65.33000599999991, 64.97498700000006, 66.10955599999988, 65.30452000000014, 65.77896200000032, 65.770626]"
608,node,min-worsening-4096-enqueue,candidate,38,418,60.99787800000013,1.605207315789477,21,,"[60.07363099999998, 59.973816000000056, 60.33217100000002, 59.66022100000009, 61.36030100000016, 60.571506, 60.99787800000013, 61.10585900000001, 60.334236000000146, 60.56983300000002, 59.73814800000014, 59.81384900000012, 60.36908100000005, 61.30795400000011, 62.0662420000001, 61.297043999999914, 61.14121400000022, 61.44457800000009, 62.51339199999984, 62.28780299999971, 61.82537400000001]"
609,node,min-worsening-4096-enqueue,baseline,38,418,65.95820000000003,1.7357421052631588,21,,"[65.16358500000001, 65.14751100000012, 64.89657899999997, 65.67881200000011, 65.47108600000001, 65.95820000000003, 66.29140899999993, 65.55732599999988, 65.52806099999998, 67.18001000000004, 66.168993, 66.35150099999987, 66.43580800000018, 66.20746400000007, 67.77764000000002, 65.96689400000014, 65.46255699999983, 65.85710900000004, 65.73339000000033, 68.13379399999985, 66.78565899999967]"
610,node,min-worsening-4096-enqueue,baseline,38,418,65.51154900000006,1.723988131578949,21,,"[64.37635799999998, 64.78784899999994, 64.2613150000002, 64.13498099999993, 64.68330000000014, 64.26809400000002, 64.15734199999997, 65.51154900000006, 65.61380799999984, 66.223297, 65.20454099999984, 65.28293599999984, 66.32561600000008, 65.40053399999988, 66.29302600000005, 65.76720299999988, 66.01385900000014, 65.54182499999979, 65.68608200000017, 66.66510500000004, 66.45712700000013]"
611,node,min-worsening-4096-enqueue,candidate,38,418,60.555687000000034,1.5935707105263166,21,,"[58.854107, 58.836923999999954, 59.41738299999997, 59.52657599999998, 60.18726300000003, 60.08876899999996, 59.01712999999995, 59.97681199999988, 60.337592000000086, 60.555687000000034, 60.48068699999999, 60.91199800000004, 60.68619899999999, 61.02746199999979, 62.871798000000126, 61.65896499999985, 62.60765699999979, 61.986985000000004, 62.643303999999716, 63.48860399999967, 62.14456799999971]"
612,node,min-worsening-4096-enqueue,baseline,38,418,65.86979999999994,1.7334157894736826,21,,"[65.27976899999999, 65.79854399999999, 65.5601200000001, 64.6528659999999, 65.61255800000004, 65.32530400000019, 65.10947299999998, 65.53399200000013, 65.68879900000002, 66.48918600000002, 66.11629299999981, 65.44846299999995, 65.87857099999997, 65.86979999999994, 66.61768299999994, 66.60727399999996, 67.1396520000003, 67.1586169999996, 67.85298599999987, 68.5017200000002, 68.69441800000004]"
613,node,min-worsening-4096-enqueue,candidate,38,418,61.32949600000006,1.6139341052631595,21,,"[60.354004999999916, 61.34828200000004, 60.380314, 60.31417199999987, 60.92706999999996, 60.07043900000008, 60.20524, 60.275900999999976, 61.05433599999992, 61.33342400000015, 60.96742500000005, 61.48524499999985, 60.66174699999988, 61.32949600000006, 61.6130320000002, 61.3737779999999, 62.494718999999805, 61.37290699999994, 62.47850900000003, 63.16449199999988, 61.33021800000006]"
614,node,min-worsening-4096-enqueue,candidate,38,418,61.461741000000075,1.6174142368421072,21,,"[59.857814000000076, 60.10031500000002, 63.85124700000006, 60.30468399999995, 60.749049000000014, 60.0009, 59.212356, 59.400916999999936, 61.07312000000002, 61.461741000000075, 61.15246699999989, 61.72889699999996, 61.94476899999995, 61.9899519999999, 62.600856999999905, 62.093364000000065, 61.19825300000025, 61.60120000000006, 63.249289999999746, 62.91627100000005, 61.86675400000013]"
615,node,min-worsening-4096-enqueue,baseline,38,418,64.08966599999985,1.686570157894733,21,,"[64.50860799999998, 63.82679200000007, 65.10071700000003, 63.71981400000004, 63.89678200000003, 64.87343499999997, 63.658661000000166, 62.526026999999885, 63.146909999999934, 62.85474799999997, 65.42091099999993, 63.40882600000009, 62.96563900000001, 64.16667800000005, 64.796067, 64.38269900000023, 64.15517600000021, 63.59410800000023, 64.08966599999985, 64.99149000000034, 66.79058000000032]"
616,node,min-worsening-4096-enqueue,baseline,38,418,63.345543999999904,1.6669879999999975,21,,"[61.91023900000005, 63.345543999999904, 62.6620640000001, 63.0835669999999, 62.884888000000046, 63.2019499999999, 62.687261000000035, 62.404997000000094, 63.25233099999991, 63.55651499999999, 63.33611599999995, 65.49989400000004, 63.03749199999993, 63.73106999999982, 63.86752200000001, 63.58715299999972, 66.33423300000004, 64.4234449999999, 65.78761799999984, 65.52485999999999, 65.11609099999987]"
617,node,min-worsening-4096-enqueue,baseline,38,418,63.48273799999993,1.6705983684210508,21,,"[61.185171999999966, 62.79724599999997, 61.47653400000013, 63.6967259999999, 63.48273799999993, 63.30758300000002, 63.50461900000005, 62.90461400000004, 63.250056000000086, 63.293897000000015, 63.894904, 65.05572900000016, 63.73262199999999, 63.842455999999856, 63.17550499999993, 63.13782800000013, 64.12639300000001, 62.94664199999988, 65.59290599999986, 65.50740799999994, 64.6028879999999]"
618,node,min-worsening-4096-enqueue,baseline,38,418,63.807129999999916,1.6791349999999978,21,,"[61.56527900000003, 62.28370199999995, 62.08197700000005, 62.695053000000144, 63.715373, 62.265869000000066, 63.807129999999916, 62.632368999999926, 63.90796799999998, 64.07176200000004, 63.46510400000011, 63.01540900000009, 63.46069699999998, 64.00430699999993, 65.53648500000008, 64.86162999999988, 64.67042500000025, 64.6716779999997, 66.42565800000011, 65.44826000000012, 64.29856500000005]"
619,node,min-worsening-4096-enqueue,baseline,38,418,63.96300099999962,1.6832368684210426,21,,"[63.60062800000003, 62.70904100000007, 63.09887400000002, 63.51705199999992, 64.27819599999998, 63.78621199999998, 63.55490299999997, 64.779358, 64.99669199999994, 64.02052800000001, 65.0589480000001, 63.38247200000001, 65.07093999999984, 65.21268299999997, 63.218366999999944, 63.67857300000014, 63.422525999999834, 63.96300099999962, 64.35988799999996, 64.08481700000038, 64.28884600000038]"
620,bun,max-random-4096-enqueue,baseline,39,390,64.05773699999986,1.6425060769230733,21,,"[64.84452899999997, 60.5788409999999, 69.87325199999998, 64.03123800000003, 64.10104700000011, 60.58792900000003, 68.39815299999987, 64.05773699999986, 64.37747100000001, 60.758826, 68.5146400000001, 63.9801930000001, 64.44792200000006, 61.719141000000036, 67.95733399999995, 63.91436999999996, 64.01098999999999, 60.46833599999991, 64.37058900000011, 64.21144200000026, 63.99908699999969]"
621,bun,max-random-4096-enqueue,baseline,39,390,65.32012499999996,1.674874999999999,21,,"[65.41299800000002, 61.58583999999996, 68.8010690000001, 65.67251899999997, 65.64426700000013, 61.933917000000065, 68.47538400000008, 65.14206399999989, 65.32012499999996, 61.9717169999999, 69.2696719999999, 64.15392399999996, 64.40761599999996, 62.40111300000012, 69.53289900000004, 65.75372900000002, 65.65661900000009, 61.89911899999993, 69.59598099999994, 64.765672, 64.49034900000015]"
622,bun,max-random-4096-enqueue,baseline,39,390,66.25557299999991,1.698860846153844,21,,"[66.05662399999994, 61.756755, 70.2997049999999, 65.97671400000013, 65.97491100000002, 62.129016999999976, 70.60976200000005, 66.769499, 66.25557299999991, 62.091306999999915, 70.56056999999987, 65.62088199999994, 65.44838099999993, 61.90495099999998, 70.57935599999996, 66.52383199999986, 67.21560900000009, 63.31470300000001, 72.390355, 66.85051999999996, 66.76029199999994]"
623,bun,max-random-4096-enqueue,baseline,39,390,68.55072599999994,1.7577109230769214,21,,"[69.51850300000001, 69.29702999999995, 65.46765700000003, 73.13357700000006, 69.1104929999999, 68.74820999999997, 65.68838800000003, 72.41278599999987, 68.16273100000012, 69.45037500000012, 65.63037999999983, 71.8871180000001, 68.280258, 68.3969259999999, 64.74132299999997, 72.07345800000007, 68.05267200000003, 68.55072599999994, 64.56726799999979, 72.16083099999969, 67.99979299999995]"
624,bun,max-random-4096-enqueue,candidate,39,390,63.769830000000184,1.6351238461538509,21,,"[63.448019000000045, 60.043174999999906, 68.31074000000001, 63.82282500000008, 63.86983200000009, 59.88983099999996, 68.0308, 63.62035900000001, 63.611041000000114, 60.024130000000014, 69.32937200000015, 64.09063199999991, 64.34657900000002, 59.92319300000008, 68.77467200000001, 63.24991100000011, 63.882658999999876, 59.72539700000016, 68.11598300000014, 63.769830000000184, 63.562966000000415]"
625,bun,max-random-4096-enqueue,baseline,39,390,66.12007599999993,1.6953865641025623,21,,"[66.1275589999999, 61.99633599999993, 71.01550900000007, 66.0777770000002, 65.73114299999997, 62.52833499999997, 70.21014300000002, 66.12007599999993, 65.6458839999998, 62.67624799999999, 71.70600100000001, 66.10476799999992, 66.28127599999993, 62.55280000000016, 70.67946400000005, 65.95642199999998, 66.26067700000021, 62.08378900000025, 72.25295800000004, 66.56564399999979, 66.31979700000011]"
626,bun,max-random-4096-enqueue,baseline,39,390,66.28099499999996,1.6995126923076913,21,,"[66.28099499999996, 63.357474000000025, 71.48877800000002, 66.31601, 66.23243400000001, 62.73392599999988, 70.73100999999997, 66.13748800000008, 65.91194900000005, 62.41408300000012, 70.48387200000002, 66.212988, 66.79840600000011, 62.38115099999982, 72.80587100000002, 67.56458899999984, 67.39407199999982, 63.62515200000007, 65.46456799999987, 70.68973399999959, 67.33981200000017]"
627,bun,max-random-4096-enqueue,candidate,39,390,65.44923000000017,1.678185384615389,21,,"[66.29024200000003, 62.302013999999986, 71.09715100000005, 66.08676300000013, 66.22810699999991, 62.25069899999994, 69.95179299999995, 66.15401900000006, 66.14374900000007, 62.84995100000015, 69.44931999999994, 65.39250400000014, 65.21419300000002, 61.479495999999926, 69.754907, 65.20618799999988, 65.44923000000017, 61.19767200000001, 69.28875100000005, 65.16355899999962, 65.23015299999997]"
628,bun,max-random-4096-enqueue,baseline,39,390,65.76865700000008,1.6863758205128225,21,,"[65.40032199999996, 61.816236, 71.11788899999999, 66.04477900000006, 65.79188999999997, 62.14479499999993, 70.50150799999983, 65.97072200000002, 65.58104800000001, 63.49421200000006, 70.4093969999999, 65.4415489999999, 65.85730500000022, 61.62929800000006, 70.91544700000009, 65.67643599999997, 66.08216900000002, 62.295444999999745, 70.22777899999983, 65.76865700000008, 65.69041100000004]"
629,bun,max-random-4096-enqueue,candidate,39,390,64.33093600000007,1.649511179487181,21,,"[63.91147699999999, 60.935678999999936, 68.23625000000004, 64.32667800000013, 64.38200099999995, 59.83585700000003, 62.16324899999995, 64.33093600000007, 63.90118800000005, 64.42625399999997, 59.28811900000005, 68.81376599999999, 64.42617300000006, 64.56448999999998, 60.866780999999946, 68.06080499999985, 64.4489450000001, 65.0063009999999, 60.107942000000094, 67.55727900000011, 63.46921599999996]"
630,bun,max-random-4096-enqueue,candidate,39,390,65.60530300000005,1.6821872564102576,21,,"[64.63006199999995, 60.93923599999994, 69.60915999999997, 65.29153999999994, 65.71418599999993, 61.90043199999991, 68.57404799999995, 65.70358600000009, 65.60530300000005, 61.940286000000015, 69.65394399999991, 65.45606699999985, 65.69035099999996, 61.74147599999992, 69.56514799999991, 65.59017599999993, 65.97305699999993, 62.15238999999997, 69.75868800000035, 65.23836200000005, 65.65099800000007]"
631,bun,max-random-4096-enqueue,baseline,39,390,65.97762499999999,1.691733974358974,21,,"[66.21598800000004, 66.37752799999998, 62.361328999999955, 72.56257500000015, 67.2692840000002, 66.1693110000001, 62.16147799999999, 71.55992300000003, 65.85424599999988, 67.43983099999991, 62.43721900000014, 64.98775599999999, 65.97762499999999, 66.18833699999982, 65.56716299999994, 65.88501300000007, 62.38771800000018, 64.88216999999986, 66.41103000000021, 66.03807800000004, 65.90033200000016]"
632,bun,max-random-4096-enqueue,baseline,39,390,67.71953000000008,1.7363982051282072,21,,"[69.13064100000008, 63.89781299999993, 65.18422199999998, 67.83282099999997, 68.03902300000004, 64.32042799999999, 73.45794799999999, 67.79223500000012, 69.54734500000018, 63.80560199999991, 71.320919, 67.33246099999997, 67.67812400000003, 64.11547700000006, 73.33962799999995, 67.71953000000008, 69.21778299999983, 64.33449399999972, 70.9587660000002, 67.4870390000001, 67.57305799999995]"
633,bun,max-random-4096-enqueue,baseline,39,390,65.65902400000004,1.6835647179487192,21,,"[66.29799700000001, 62.17806900000005, 70.31860699999993, 65.59402299999988, 65.10235899999998, 62.00343500000008, 64.69397099999992, 65.64903500000014, 65.7401339999999, 65.51366299999995, 66.10569200000009, 61.57342599999993, 75.243741, 66.40907599999991, 65.65902400000004, 61.964833, 69.67878999999994, 68.21114400000033, 66.59236800000008, 63.1892770000004, 69.46901900000012]"
634,bun,max-random-4096-enqueue,baseline,39,390,65.40272800000002,1.6769930256410264,21,,"[65.40272800000002, 61.31494699999996, 70.705689, 65.41623299999992, 65.27117499999986, 61.0968519999999, 69.86577899999997, 65.35220499999991, 64.97609699999998, 61.097383000000036, 69.9363800000001, 65.04553600000008, 65.21688399999994, 61.36199399999987, 72.22628600000007, 67.09540300000003, 67.17767600000002, 62.30902200000014, 70.3689830000003, 66.45112600000039, 66.63397500000019]"
635,bun,max-random-4096-enqueue,baseline,39,390,66.63884499999995,1.708688333333332,21,,"[65.89702800000009, 62.051743999999985, 70.87237799999991, 66.95165599999996, 67.09407099999999, 63.271421000000146, 66.00111100000004, 66.63884499999995, 66.67054399999984, 66.64352299999996, 66.12604299999998, 62.33544100000017, 70.68692400000009, 66.73565400000007, 67.16790800000012, 62.306507999999894, 70.74509200000011, 66.58139800000026, 66.30458399999998, 62.65312200000017, 71.03437599999961]"
636,bun,max-random-4096-enqueue,baseline,39,390,67.524269,1.7313915128205128,21,,"[66.476583, 66.53038700000002, 62.78342400000008, 71.3986359999999, 67.84047699999996, 67.60298499999999, 64.02828599999998, 71.19643999999994, 66.53062400000022, 66.1884379999999, 62.66470299999992, 71.88668200000006, 67.918181, 67.89496800000006, 63.95738499999993, 71.12208200000009, 67.51318900000001, 67.524269, 63.90016799999967, 71.884548, 67.64763900000025]"
637,bun,max-random-4096-enqueue,baseline,39,390,66.64151199999992,1.708756717948716,21,,"[66.96957900000007, 63.206529000000046, 70.63794300000006, 65.4615490000001, 66.64151199999992, 62.96823799999993, 71.404992, 67.25790800000004, 66.9885670000001, 63.11535200000003, 65.19324199999983, 66.99994900000002, 66.81305100000009, 66.99684200000002, 63.150306, 70.78713399999992, 65.61818100000005, 65.47332199999983, 62.290509000000384, 72.57316200000014, 66.48142499999994]"
638,bun,max-random-4096-enqueue,baseline,39,390,65.44831599999998,1.6781619487179482,21,,"[66.05102499999998, 61.65346599999998, 70.20656500000007, 65.28749600000015, 65.64068299999985, 61.38058899999987, 70.19776900000011, 65.84803800000009, 64.973704, 61.565512000000126, 70.69669599999997, 65.37594100000001, 65.44831599999998, 61.7997069999999, 69.70383100000004, 65.16230400000018, 65.32539700000007, 61.73993599999994, 70.03339400000004, 66.74491399999988, 65.62581500000033]"
639,bun,max-random-4096-enqueue,baseline,39,390,67.10705700000017,1.7206937692307736,21,,"[66.91737499999999, 63.232939999999985, 71.65517699999998, 67.58307100000002, 67.10705700000017, 63.0727730000001, 71.80743599999983, 68.46162299999992, 67.94243900000015, 64.24007200000005, 72.14014700000007, 66.68014399999993, 66.916784, 63.31633499999998, 71.95360099999994, 66.47081500000013, 66.65986599999997, 63.79131699999971, 73.46409600000015, 67.23962300000039, 67.39903000000004]"
640,bun,max-random-4096-enqueue,baseline,39,390,64.5896009999999,1.656143615384613,21,,"[64.40928500000007, 60.904945, 68.49405300000001, 65.141075, 64.5896009999999, 60.98463300000003, 64.00614599999994, 69.90200000000004, 64.64388099999996, 65.42244400000004, 60.75628299999994, 63.893367000000126, 65.11576500000001, 65.572764, 65.55601200000001, 64.49597399999993, 60.94771800000012, 69.43016499999999, 64.8744670000001, 64.51758500000005, 61.55861099999993]"
641,bun,max-random-4096-enqueue,candidate,39,390,64.59032000000002,1.6561620512820519,21,,"[63.905407999999966, 60.192596000000094, 68.520216, 63.89005999999995, 63.68371699999989, 60.81138400000009, 68.40542299999993, 64.59032000000002, 64.51111199999991, 61.25272400000017, 68.28440799999998, 65.04387199999996, 64.8108400000001, 60.856457999999975, 69.4350330000002, 64.72020100000009, 64.85945900000002, 61.56903999999986, 68.40455100000008, 64.39656100000002, 65.0145379999999]"
642,bun,max-random-4096-enqueue,candidate,39,390,62.666978999999856,1.6068456153846118,21,,"[62.777894999999944, 58.716015000000084, 66.724421, 62.87456400000008, 63.04809699999987, 58.836978000000045, 66.85824000000002, 62.56550099999981, 62.666978999999856, 58.750307999999904, 67.357618, 62.983948000000055, 63.22491500000001, 58.91470299999992, 67.35771699999987, 62.5, 62.61990100000003, 58.870011000000204, 67.24607000000015, 62.325554999999895, 62.656840999999986]"
643,bun,max-random-4096-enqueue,baseline,39,390,67.0966289999999,1.7204263846153818,21,,"[67.45141699999999, 63.66941299999996, 69.51968899999986, 66.42110400000001, 66.57598099999996, 64.55431599999997, 69.55799000000002, 67.82445000000007, 67.16999499999997, 64.30403100000012, 70.03950499999996, 66.86863399999993, 66.01760400000012, 63.31153799999993, 70.06321899999989, 67.23166000000015, 67.0966289999999, 64.26531699999987, 71.05453699999998, 66.65889599999991, 67.48983599999974]"
644,bun,max-random-4096-enqueue,baseline,39,390,65.77905800000008,1.6866425128205147,21,,"[67.92871200000002, 61.64328699999999, 69.56361800000002, 65.27416100000005, 65.24455699999999, 61.23172199999999, 71.92324099999996, 65.028865, 67.24772700000017, 61.52577900000006, 70.15667999999982, 65.48324899999989, 65.27629499999989, 61.48172599999998, 75.0300400000001, 66.00196300000016, 68.32143100000008, 61.8268579999999, 71.02653599999985, 66.0881430000004, 65.77905800000008]"
645,bun,max-random-4096-enqueue,baseline,39,390,66.3053359999999,1.7001368205128178,21,,"[66.404811, 66.05554300000006, 62.72458500000005, 69.66520700000001, 65.90442200000007, 66.84471800000006, 62.434567000000015, 64.55818099999988, 66.34028200000012, 66.3511309999999, 66.3053359999999, 66.20446900000002, 62.27396799999997, 70.4605439999998, 66.32859000000008, 66.352124, 62.04913099999999, 70.41801600000008, 66.39766799999961, 65.43037099999992, 61.493339000000105]"
646,bun,max-random-4096-enqueue,baseline,39,390,67.12091099999998,1.7210489999999994,21,,"[68.18809399999998, 68.4631250000001, 64.54354299999989, 66.15545799999995, 67.58555500000011, 66.93090800000004, 66.69868700000006, 67.32589199999984, 63.45957099999987, 72.620316, 67.0473649999999, 67.49202999999989, 63.537154999999984, 72.00925099999995, 67.12431700000002, 67.73792800000001, 63.21902399999999, 71.6746790000002, 67.06279399999994, 67.12091099999998, 63.63087899999982]"
647,bun,max-random-4096-enqueue,baseline,39,390,66.24957399999994,1.6987070256410242,21,,"[66.62905999999998, 67.50924400000008, 63.267946999999936, 70.23655000000008, 66.6411129999999, 66.82607600000006, 63.31017500000007, 70.02671099999998, 67.0639470000001, 66.24957399999994, 63.499127000000044, 70.19445199999996, 66.10368400000016, 65.41295100000002, 62.314896999999974, 70.12618499999985, 65.90983399999982, 65.62864200000013, 62.72091099999989, 70.483338, 66.07734500000015]"
648,bun,max-random-4096-enqueue,candidate,39,390,62.844540999999936,1.6113984871794855,21,,"[62.69590500000004, 59.444435, 66.65869499999997, 62.487388000000124, 62.74468500000012, 59.051626999999826, 67.68907899999999, 62.904723000000104, 62.336817999999994, 58.996434000000136, 66.63679300000013, 63.03064599999993, 62.511393, 59.133489000000054, 67.41274499999986, 62.844540999999936, 63.20418900000004, 59.25861099999997, 68.15909799999986, 63.094474999999875, 62.98712599999999]"
649,bun,max-random-4096-enqueue,baseline,39,390,67.68463999999994,1.7355035897435884,21,,"[67.68658399999993, 68.04001000000005, 65.54252300000007, 71.20497899999987, 67.68463999999994, 67.85900399999991, 64.8284349999999, 70.93481700000007, 68.08552399999985, 67.17884100000015, 64.62444699999992, 71.68838699999992, 67.67322899999999, 67.6189179999999, 64.7685039999999, 72.12415599999986, 68.29432299999985, 67.56169199999977, 65.47460499999988, 72.52353799999992, 67.62718300000006]"
650,bun,max-random-4096-enqueue,baseline,39,390,66.82603399999971,1.7134880512820438,21,,"[66.443443, 66.98335599999996, 62.563447, 71.51653499999998, 68.03415799999993, 66.45062700000017, 62.389914999999974, 73.12611200000015, 68.10052099999984, 68.12766099999999, 63.73959100000002, 71.27825299999995, 66.86642900000015, 66.64752300000009, 62.90754700000002, 71.394139, 66.91968799999995, 66.82603399999971, 62.523593000000346, 65.79114200000004, 66.76999999999998]"
651,bun,max-random-4096-enqueue,candidate,39,390,63.753156999999646,1.6346963333333242,21,,"[63.92756099999997, 60.254238999999984, 67.74486999999999, 63.62791400000003, 63.867619000000104, 59.99173100000007, 68.0966739999999, 63.74290799999994, 63.49310300000002, 59.77074999999991, 67.95364800000016, 63.79641700000002, 63.4163309999999, 59.966012999999975, 69.2420709999999, 63.41828499999997, 64.67917699999998, 60.23002399999973, 67.66016300000001, 63.753156999999646, 63.936257000000296]"
652,node,max-random-4096-enqueue,baseline,50,550,66.19721600000003,1.3239443200000005,21,,"[65.41857000000005, 65.66041800000005, 65.44811499999992, 64.33826299999987, 65.77513199999999, 65.37011000000007, 65.91866900000014, 65.84882900000002, 64.51396999999997, 66.2766029999998, 66.19721600000003, 66.66511500000001, 66.32430199999999, 64.82447699999989, 66.68960000000015, 66.72296299999971, 67.12210400000004, 67.0206049999997, 67.3943589999999, 68.4064699999999, 67.264498]"
653,node,max-random-4096-enqueue,baseline,50,550,65.97108099999991,1.3194216199999982,21,,"[64.92118099999993, 64.49391700000001, 64.92816399999992, 63.369608999999855, 64.59446400000002, 64.93730000000005, 66.07503399999996, 65.97108099999991, 64.49244499999986, 65.97010999999998, 66.22675600000002, 66.48224099999993, 66.42221899999981, 64.54617499999995, 66.43968099999984, 66.9248520000001, 70.70419300000003, 65.95631400000002, 67.38710100000026, 67.50813599999992, 67.18194999999969]"
654,node,max-random-4096-enqueue,baseline,50,550,66.52920700000004,1.330584140000001,21,,"[66.13617700000009, 66.28586499999983, 66.20350299999996, 65.15241999999989, 65.47791499999994, 65.03523300000006, 65.67304800000011, 66.31010100000003, 66.00431200000003, 66.63650600000005, 67.09726300000011, 67.19865100000015, 67.4330460000001, 65.65532400000006, 68.4351680000002, 66.90734999999995, 67.60128900000018, 66.52920700000004, 67.20937800000002, 66.91437300000007, 66.88823400000001]"
655,node,max-random-4096-enqueue,baseline,50,550,63.23736299999996,1.2647472599999992,21,,"[62.11323500000003, 61.18291599999998, 61.23158700000022, 63.23736299999996, 61.83221299999991, 61.858923000000004, 61.69210300000009, 61.543026000000054, 64.05186600000002, 62.66750400000001, 65.39967999999999, 68.281743, 63.49323800000002, 64.85873500000002, 63.224279000000024, 64.43018899999993, 63.84300800000028, 63.380548999999974, 65.38491199999999, 63.98398999999972, 62.8179439999999]"
656,node,max-random-4096-enqueue,candidate,50,550,60.81375300000013,1.2162750600000027,21,,"[59.38842599999998, 58.90750300000002, 59.7289380000002, 60.50844600000005, 60.51726299999996, 60.659507000000076, 60.322361, 60.131816999999955, 61.2382419999999, 60.325066000000106, 61.35129200000006, 60.7364, 60.81375300000013, 61.32922099999996, 60.956147999999985, 61.89632400000005, 61.32818899999984, 61.73299100000031, 61.897817999999916, 61.612787000000026, 62.4165509999998]"
657,node,max-random-4096-enqueue,baseline,50,550,65.28676100000007,1.3057352200000014,21,,"[66.45468100000005, 64.50297599999999, 64.58235300000001, 63.6325589999999, 64.94976599999995, 65.01055900000006, 65.83047099999999, 65.11174600000004, 63.8168720000001, 65.14729199999988, 65.28676100000007, 65.2808, 65.3882000000001, 63.846706999999924, 66.49097800000004, 66.97236199999998, 67.32913499999995, 67.15940900000032, 66.70819100000017, 66.0287500000004, 65.88529300000027]"
658,node,max-random-4096-enqueue,baseline,50,550,63.65135400000008,1.2730270800000016,21,,"[63.07517399999995, 65.51416400000005, 62.735803999999916, 62.530872000000045, 62.39180499999998, 62.20517799999993, 63.618032000000085, 61.98078099999998, 63.36898000000019, 63.71092500000009, 62.57345099999998, 63.65135400000008, 62.9763710000002, 63.736753000000135, 63.69809099999998, 64.19244900000012, 65.08711099999982, 64.73208199999999, 64.48768800000016, 65.81922099999974, 67.14371000000028]"
659,node,max-random-4096-enqueue,candidate,50,550,59.55253000000016,1.1910506000000032,21,,"[59.086284999999975, 59.07126599999992, 59.28737799999999, 59.18013799999994, 59.147547999999915, 59.08678599999985, 59.55227999999988, 59.25122999999985, 61.00491800000009, 59.19601799999987, 59.42733799999996, 59.55253000000016, 59.62544500000013, 61.405852000000095, 60.403249999999844, 61.06980900000008, 61.706280000000106, 61.362912999999935, 62.86422100000027, 61.535241999999926, 61.94815000000017]"
660,node,max-random-4096-enqueue,baseline,50,550,63.340705999999955,1.2668141199999992,21,,"[61.83685300000002, 63.49091499999997, 62.163781999999856, 63.025540999999976, 62.86693600000012, 62.2075319999999, 63.87696200000005, 62.24632699999984, 63.39847000000009, 64.04259000000002, 62.5494470000001, 63.98221699999999, 62.98909300000014, 63.80102099999999, 63.08311800000001, 62.83891500000004, 64.46244999999999, 63.340705999999955, 63.46063800000002, 64.75068499999998, 65.74539200000027]"
661,node,max-random-4096-enqueue,candidate,50,550,59.19847300000015,1.183969460000003,21,,"[58.28545699999995, 57.96454099999994, 61.66898100000003, 58.59228699999994, 58.15803000000005, 58.647789999999986, 58.79240800000002, 58.06014800000003, 59.3372109999998, 58.56006699999989, 60.7214120000001, 58.76633000000015, 59.19847300000015, 59.847537999999986, 59.071496000000025, 59.689334000000144, 59.452684999999974, 61.18479100000013, 60.23327500000005, 60.923115999999936, 59.68781200000012]"
662,node,max-random-4096-enqueue,candidate,50,550,60.70234400000027,1.2140468800000053,21,,"[60.759919999999966, 59.42748599999993, 59.848858000000064, 59.54366200000004, 60.56586100000004, 59.74462799999992, 61.84167000000002, 59.912597000000005, 60.834249, 59.911763000000064, 59.871871000000056, 60.02703899999983, 59.92221500000005, 62.18414300000018, 61.26231400000006, 61.669218999999885, 62.08580300000017, 61.826692000000094, 62.02059199999985, 61.31760699999995, 60.70234400000027]"
663,node,max-random-4096-enqueue,baseline,50,550,64.00482799999986,1.2800965599999972,21,,"[62.99088399999994, 63.04629699999987, 63.06272799999988, 64.31940200000008, 63.42276700000002, 62.93105300000002, 63.550122999999985, 63.468931999999995, 63.693058000000065, 63.690432999999985, 63.70584199999985, 64.39007200000015, 64.00482799999986, 64.309033, 64.10506299999997, 65.38167500000009, 64.34737399999995, 64.38302999999996, 65.26871500000016, 64.78352399999994, 64.98181199999999]"
664,node,max-random-4096-enqueue,baseline,50,550,63.245716999999786,1.2649143399999958,21,,"[63.376499999999965, 62.48750899999993, 63.245716999999786, 64.60604399999988, 63.10179999999991, 62.96661900000004, 63.033824000000095, 62.474174000000176, 64.18607399999996, 62.89970500000004, 65.42231000000015, 62.785462999999936, 62.0702040000001, 63.114373000000114, 62.66121199999998, 64.30221900000015, 63.755795000000035, 63.876358999999866, 65.05694199999971, 63.7134159999996, 63.883632000000034]"
665,node,max-random-4096-enqueue,baseline,50,550,64.03558599999997,1.2807117199999993,21,,"[63.44612100000006, 62.54150100000004, 62.76823300000001, 64.09671000000003, 63.20130600000016, 63.446542000000136, 63.955167000000074, 62.872366000000056, 64.35737300000005, 62.92738699999995, 65.8898099999999, 63.757048999999824, 63.93337599999995, 64.61015300000008, 64.03558599999997, 64.87505499999997, 64.32525400000031, 64.54401000000007, 66.74886500000002, 64.4360099999999, 65.02325100000007]"
666,node,max-random-4096-enqueue,baseline,50,550,63.930701,1.27861402,21,,"[62.81246399999998, 62.983773000000156, 62.66088300000001, 64.37249199999997, 62.76184000000012, 62.586745000000064, 66.432458, 62.78683699999988, 64.59095699999989, 65.86513400000013, 63.34220800000003, 64.82935999999995, 63.565021000000115, 64.93595800000003, 63.930701, 64.08823600000005, 65.23795900000005, 64.10863100000006, 65.06011600000011, 62.99065500000006, 63.20287899999994]"
667,node,max-random-4096-enqueue,baseline,50,550,63.34474300000011,1.266894860000002,21,,"[63.398696000000086, 61.187415999999985, 61.34811400000012, 63.032632999999805, 63.043383000000176, 63.33714800000007, 62.56156800000008, 62.43695600000001, 64.2428010000001, 62.67969799999992, 65.43255999999997, 63.66502700000001, 63.30211299999996, 64.9513770000001, 63.34474300000011, 64.99747200000024, 62.91744900000003, 63.55648599999995, 65.01630799999975, 64.72991200000024, 63.92701399999987]"
668,node,max-random-4096-enqueue,baseline,50,550,62.23673400000007,1.2447346800000014,21,,"[62.23673400000007, 61.02823999999998, 60.961586000000125, 62.596002, 61.327506000000085, 61.90321600000016, 61.689077, 61.03669500000001, 62.86968000000002, 61.350208000000066, 64.04336000000012, 62.02225599999997, 62.071517000000085, 63.18878299999983, 62.18900600000006, 63.63304700000003, 62.93578000000025, 62.37908900000002, 63.5604629999998, 62.526433, 62.69158900000002]"
669,node,max-random-4096-enqueue,candidate,50,550,61.017540000000054,1.2203508000000012,21,,"[59.835815000000025, 60.187799999999925, 60.796129000000064, 60.327088, 60.80009599999994, 60.457369999999855, 60.82801800000016, 60.77954799999998, 62.39453700000013, 60.82275800000002, 61.16797999999994, 61.017540000000054, 61.26654200000007, 63.15108200000009, 61.59520300000008, 61.39809700000001, 63.40887099999986, 60.687397000000146, 63.022523999999976, 61.90826399999969, 61.97747299999992]"
670,node,max-random-4096-enqueue,candidate,50,550,63.27314000000001,1.2654628000000003,21,,"[63.57556800000009, 63.27314000000001, 61.048447000000124, 61.83051999999998, 62.70078699999999, 62.34631799999988, 63.72592099999997, 62.169549999999845, 62.45583099999999, 62.27310200000011, 63.27555400000006, 64.04471200000012, 62.78226799999993, 63.10281299999997, 63.33681700000011, 66.35038600000007, 64.39921099999992, 63.208259, 63.45230800000036, 64.21745899999996, 64.40173400000003]"
671,node,max-random-4096-enqueue,baseline,50,550,66.34754500000008,1.3269509000000017,21,,"[65.59889399999997, 65.36825599999997, 65.46238100000005, 63.847712, 64.85825900000009, 64.66505000000006, 65.3996340000001, 68.44892800000002, 64.92050499999982, 66.34754500000008, 66.41719399999988, 66.70690200000013, 66.92949599999997, 65.33634600000005, 66.92017799999985, 66.09583799999973, 67.14879299999984, 67.49199099999987, 67.93029400000023, 67.50417299999981, 70.21710200000007]"
672,node,max-random-4096-enqueue,baseline,50,550,65.48534300000006,1.3097068600000012,21,,"[64.53611999999998, 64.55174899999997, 64.73107200000004, 63.855837000000065, 64.71766699999989, 64.56287999999995, 65.3250660000001, 64.90831200000002, 70.75505099999987, 65.494911, 65.48534300000006, 65.588796, 65.27840900000001, 63.81086400000004, 65.52140999999983, 65.71215500000017, 67.64682799999991, 66.74448100000018, 67.8890580000002, 67.46185500000001, 67.00273199999992]"
673,node,max-random-4096-enqueue,baseline,50,550,65.70160600000008,1.3140321200000016,21,,"[65.75871100000006, 65.54947300000003, 65.65649100000019, 63.756642000000056, 65.08049099999994, 65.58073100000001, 65.44417599999997, 65.05058699999995, 63.92854299999999, 65.49885900000004, 66.60398099999998, 65.70160600000008, 66.15150100000005, 65.46867300000008, 66.50527800000032, 67.55756999999994, 66.65674999999965, 67.36417399999982, 68.32713199999989, 66.72012700000005, 66.84851500000013]"
674,node,max-random-4096-enqueue,baseline,50,550,66.00480900000002,1.3200961800000004,21,,"[64.73706400000003, 64.47450600000002, 64.86548300000004, 63.870996000000105, 65.01107300000012, 64.68905500000005, 65.19933300000002, 64.85568399999988, 64.60359599999992, 66.00480900000002, 66.29599999999982, 66.37807199999997, 66.33308899999997, 65.19368299999996, 66.94624799999997, 67.07010800000035, 66.15715099999989, 66.1447890000004, 66.42190399999981, 66.08031899999969, 66.16554700000006]"
675,node,max-random-4096-enqueue,baseline,50,550,65.92873800000007,1.3185747600000013,21,,"[65.48495300000002, 65.31499699999995, 65.7258310000002, 64.52414900000008, 66.06426899999997, 65.94587999999999, 66.52531500000009, 66.37262200000009, 64.995815, 65.57246600000008, 65.43127400000003, 65.46102799999994, 65.32276200000001, 63.52228800000012, 66.51907099999994, 66.60527400000001, 66.39921100000038, 66.83539099999962, 71.53810500000009, 65.92873800000007, 66.25835000000006]"
676,node,max-random-4096-enqueue,candidate,50,550,60.68891600000006,1.2137783200000012,21,,"[60.458658000000014, 59.210590000000025, 60.38801600000011, 60.52933000000007, 60.56237999999985, 60.68891600000006, 61.166291999999885, 68.96689100000003, 62.35538199999996, 60.71488599999998, 60.51283999999987, 59.99190300000009, 60.23877100000004, 61.88502500000004, 62.907236999999895, 60.72658700000011, 60.640938000000006, 60.50714000000016, 62.93273500000032, 61.93600400000014, 62.11891299999979]"
677,node,max-random-4096-enqueue,baseline,50,550,65.16551100000015,1.303310220000003,21,,"[64.5427350000001, 64.15817100000004, 64.417913, 64.36783999999989, 65.03154299999983, 64.83616000000006, 66.19897100000003, 64.43903300000011, 64.920617, 64.73684600000001, 65.16551100000015, 66.30218300000001, 65.30953900000009, 65.13623699999994, 66.07064300000025, 65.66896700000007, 65.69383199999993, 65.92618500000026, 66.0710039999999, 66.79003899999998, 66.00831700000026]"
678,node,max-random-4096-enqueue,baseline,50,550,65.46851400000014,1.3093702800000029,21,,"[65.20079699999997, 69.83877099999995, 64.70985500000006, 63.98058100000003, 65.209112, 64.83048899999994, 65.57986800000003, 65.07909100000006, 63.97074199999997, 65.1645289999999, 65.41484500000001, 65.69301100000007, 65.46851400000014, 63.85113999999999, 66.32538599999998, 66.88248999999996, 68.6231130000001, 66.91816699999981, 77.42788700000028, 67.4538120000002, 67.52457300000015]"
679,node,max-random-4096-enqueue,candidate,50,550,59.85668400000009,1.1971336800000016,21,,"[60.00376399999993, 59.256376000000046, 60.275329000000056, 59.80640799999992, 63.85761400000001, 58.58073400000012, 58.48305299999993, 59.27743899999996, 58.76576799999998, 58.954910000000154, 59.00434999999993, 59.08027100000004, 59.85668400000009, 60.36697200000003, 60.33035399999994, 61.06765399999995, 61.6842079999999, 59.87405699999999, 59.44139300000006, 62.063862999999856, 60.13027199999988]"
680,node,max-random-4096-enqueue,baseline,50,550,66.43706600000019,1.3287413200000038,21,,"[66.60971700000016, 65.36953400000016, 65.50157899999999, 64.433855, 65.74713499999984, 65.32798600000001, 66.43706600000019, 65.62331500000005, 65.16380100000015, 65.88620300000002, 66.85684500000002, 66.73711299999991, 65.97017900000014, 64.86550699999998, 66.73976799999991, 66.90402300000005, 66.90862199999992, 67.19170699999995, 67.63704499999994, 66.98534400000017, 67.07372899999973]"
681,node,max-random-4096-enqueue,baseline,50,550,65.88610300000005,1.317722060000001,21,,"[65.28614800000003, 64.75117499999988, 64.35709299999985, 63.43654300000003, 65.6860509999999, 65.40164300000015, 66.14744800000017, 65.62790299999983, 64.48055199999999, 65.88610300000005, 66.17021999999997, 66.75117900000009, 66.20727899999997, 64.53708699999993, 66.77386100000012, 67.0256589999999, 66.17806500000006, 65.80297800000017, 66.46414699999968, 66.31645100000014, 66.17979800000012]"
682,node,max-random-4096-enqueue,baseline,50,550,66.0515039999998,1.3210300799999959,21,,"[64.72661300000004, 66.0515039999998, 65.55625400000008, 64.509951, 65.857663, 65.59761099999992, 68.53182899999979, 66.06051000000002, 64.53507800000011, 66.18120399999998, 66.29373299999997, 66.59869000000003, 66.82658300000003, 64.6701579999999, 66.80478200000016, 65.72665999999981, 65.7881239999997, 65.75923000000012, 66.75397800000019, 67.02807699999994, 66.16123700000026]"
683,node,max-random-4096-enqueue,baseline,50,550,63.1434220000001,1.262868440000002,21,,"[62.801708000000076, 62.25730699999997, 62.23833099999979, 63.28850200000011, 62.02472399999988, 62.506249000000025, 62.043278999999984, 61.781633000000056, 63.22475399999985, 62.35518900000011, 64.80029000000013, 62.648222999999916, 63.673877000000175, 63.51791800000001, 62.506339000000025, 63.82303400000001, 63.1434220000001, 63.53981900000008, 64.19262100000014, 63.48764200000005, 63.531543000000056]"
